Name,Location,Year,Kilometers_Driven,Predicted_Sale_Price,Target_Margin,Bid_Price
Maruti Alto K10 LXI CNG,Delhi,2014,40929,4883.064568554128,0.12,4297.0968203276325
Maruti Alto 800 2016-2019 LXI,Coimbatore,2013,54493,4099.470177508022,0.12,3607.5337562070595
Toyota Etios Liva GD,Hyderabad,2012,139000,7329.374115831348,0.18,6010.086774981705
Hyundai i20 Magna,Mumbai,2014,29000,6399.461140916809,0.12,5631.525804006792
Mahindra XUV500 W8 2WD,Coimbatore,2016,85609,18210.73311700229,0.18,14932.801155941881
Toyota Fortuner 4x2 AT TRD Sportivo,Pune,2015,59000,32670.48672883596,0.12,28750.028321375645
Hyundai EON Era Plus,Jaipur,2013,65000,3376.7314679963947,0.12,2971.5236918368273
Honda City 1.5 S MT,Mumbai,2011,66000,5273.823138198368,0.18,4324.534973322662
Mahindra XUV500 W6 2WD,Coimbatore,2015,54684,17089.32717560072,0.12,15038.607914528633
Audi Q5 2008-2012 2.0 TDI,Mumbai,2012,78000,24980.78745400344,0.18,20484.24571228282
Hyundai Grand i10 Magna,Jaipur,2016,21000,7530.770262878192,0.12,6627.077831332809
Toyota Corolla H5,Chennai,2007,90000,3498.1529544319797,0.21,2763.540834001264
Maruti Swift Vdi BSIII,Coimbatore,2008,87628,5348.105970275139,0.18,4385.446895625614
Nissan Terrano XL,Mumbai,2014,45000,7263.66675916008,0.12,6392.02674806087
BMW X1 sDrive20d,Coimbatore,2013,30788,27419.52300825043,0.12,24129.18024726038
BMW 3 Series GT 320d Luxury Line,Hyderabad,2015,39524,43590.95623031587,0.12,38360.04148267797
Ford Ikon 1.4 TDCi DuraTorq,Chennai,2009,140000,2508.1025514545427,0.18,2056.644092192725
Maruti Swift AMT ZXI,Kochi,2019,15409,10453.567603117483,0.12,9199.139490743384
Maruti Swift Dzire VXi,Jaipur,2015,36502,8053.027794575432,0.12,7086.66445922638
Maruti Ritz LDi,Pune,2016,200000,5958.98113168304,0.18,4886.364527980093
Nissan Micra XV,Delhi,2010,70000,3131.509962045538,0.18,2567.8381688773416
Maruti Alto 800 2016-2019 LXI,Kochi,2017,36701,5538.147487880474,0.12,4873.569789334817
Skoda Laura 1.8 TSI Ambition,Bangalore,2009,72000,5598.61727541734,0.18,4590.86616584222
Honda Civic 2010-2013 1.8 S MT Inspire,Bangalore,2011,40000,7459.243034950399,0.18,6116.579288659328
Ford Ikon 1.3 Flair,Pune,2005,47000,1249.7165297923345,0.18,1024.7675544297144
Maruti Alto LX,Pune,2006,93500,1494.0687563162571,0.18,1225.136380179331
Honda Jazz 1.5 V i DTEC,Pune,2015,52000,9470.616354773912,0.12,8334.142392201044
Skoda Rapid 1.5 TDI AT Ambition,Delhi,2015,55429,10824.045930443323,0.12,9525.160418790123
Hyundai i20 1.2 Sportz,Mumbai,2011,133000,4117.812762771296,0.18,3376.606465472463
Volkswagen Polo GT TDI,Pune,2014,68000,8107.343043141051,0.12,7134.461877964125
Hyundai i10 Era 1.1 iTech SE,Pune,2010,71000,3280.5101115867155,0.18,2690.018291501107
Mitsubishi Pajero 2.8 SFX,Chennai,2012,121000,16676.93142277263,0.18,13675.083766673559
Maruti Swift Dzire Tour LDI,Kolkata,2015,107000,6137.97350222109,0.18,5033.138271821294
Maruti Swift Dzire VXI,Chennai,2015,51000,7066.30811781488,0.12,6218.351143677094
Hyundai Creta 1.6 SX Plus Dual Tone Petrol,Bangalore,2016,13000,16942.004594489066,0.12,14908.964043150378
Toyota Innova 2.5 G (Diesel) 7 Seater BS IV,Pune,2010,81000,9711.020083267185,0.18,7963.036468279092
Maruti Baleno Alpha 1.3,Ahmedabad,2018,32000,10927.721770337555,0.12,9616.395157897048
Audi A4 2.0 TDI 177 Bhp Technology Edition,Pune,2013,87001,24042.297752183043,0.18,19714.684156790096
Audi A4 2.0 TDI Multitronic,Hyderabad,2013,55000,24404.549964187205,0.12,21476.00396848474
Maruti Ertiga SHVS VDI,Kochi,2017,27778,14516.63450527042,0.12,12774.638364637969
Maruti Ciaz 1.4 Zeta,Mumbai,2017,5000,13685.313041748392,0.12,12043.075476738584
Maruti Ciaz ZXi,Pune,2014,72000,8088.097702979193,0.12,7117.52597862169
Mercedes-Benz A Class A200 CDI Sport,Chennai,2015,21000,32401.962205601518,0.12,28513.726740929334
Toyota Innova 2.5 ZX Diesel 7 Seater,Kochi,2015,59299,17948.23929689141,0.12,15794.45058126444
BMW 3 Series 320d Prestige,Ahmedabad,2014,75000,30129.719170755423,0.12,26514.152870264774
Maruti Alto 800 2016-2019 LXI,Kochi,2019,3413,6608.929062735051,0.12,5815.857575206845
Ford Ecosport 1.5 DV5 MT Titanium,Mumbai,2014,62000,8931.42139221586,0.12,7859.650825149956
Ford Endeavour 3.0L 4X4 AT,Mumbai,2010,105001,9920.591143458181,0.18,8134.884737635709
Audi Q5 2.0 TDI,Mumbai,2013,89000,29981.272713098475,0.18,24584.64362474075
Hyundai Verna 1.6 SX VTVT,Mumbai,2014,21000,9458.42319377766,0.12,8323.41241052434
Mahindra XUV500 W8 4WD,Kolkata,2014,50000,12418.411032220836,0.12,10928.201708354336
Tata Indigo CS LX (TDI) BS III,Chennai,2011,150000,3161.4040260470492,0.18,2592.3513013585807
Honda City ZX GXi,Delhi,2008,81000,3435.2265549357985,0.18,2816.885775047355
Toyota Corolla Altis G,Kolkata,2008,89000,3779.095880475964,0.18,3098.8586219902904
Hyundai Grand i10 Asta,Kochi,2017,35223,8855.113770304792,0.12,7792.500117868217
Hyundai i20 Sportz 1.2,Kolkata,2015,48000,6364.2871962515,0.12,5600.57273270132
Volkswagen Polo 1.5 TDI Comfortline,Delhi,2015,60000,7627.619926294901,0.12,6712.305535139513
Chevrolet Sail Hatchback 1.2,Kochi,2015,47572,7281.542409817621,0.12,6407.757320639506
Mahindra Scorpio VLX Special Edition BS-IV,Delhi,2010,72727,5760.7782014134655,0.18,4723.838125159042
Maruti Wagon R LXI,Delhi,2009,55000,2611.717571217817,0.18,2141.6084083986098
Honda Brio S Option MT,Coimbatore,2013,44198,7052.901080656768,0.12,6206.552950977955
Maruti Ertiga VXI,Ahmedabad,2015,35000,9775.85838859416,0.12,8602.755381962861
Hyundai Santro Xing GL,Ahmedabad,2013,63831,4069.7677908486257,0.12,3581.3956559467906
Ford Figo Aspire 1.2 Ti-VCT Titanium,Delhi,2017,17540,9099.403883458708,0.12,8007.475417443663
Hyundai Santro Xing XL,Bangalore,2007,47000,3198.8075298858007,0.18,2623.022174506357
Chevrolet Beat LT,Chennai,2010,75422,3159.164823336813,0.18,2590.515155136187
Nissan Micra Diesel XV,Hyderabad,2011,67000,4902.41086371412,0.18,4019.9769082455787
Toyota Innova 2.5 GX (Diesel) 8 Seater,Delhi,2013,79999,12921.95471832213,0.12,11371.320152123473
Maruti Ciaz VXi,Kolkata,2016,31601,8920.949631376372,0.12,7850.435675611207
BMW 5 Series 2013-2017 520d Luxury Line,Delhi,2014,70000,27082.038998773736,0.12,23832.194318920887
Toyota Corolla Altis D-4D G,Mumbai,2016,31700,13489.962882397367,0.12,11871.167336509683
Hyundai Verna 1.6 SX CRDi (O),Kochi,2014,76969,9099.713359819969,0.12,8007.747756641573
Volkswagen Vento 1.5 TDI Highline AT,Kolkata,2015,37000,9712.450605021411,0.12,8546.956532418842
Nissan Teana XL,Mumbai,2014,23000,25757.054067812485,0.12,22666.20757967499
Hyundai i20 1.2 Sportz Option,Coimbatore,2014,59098,8294.160735534406,0.12,7298.8614472702775
Tata Manza Club Class Safire90 LX,Kochi,2010,142299,3288.524067200244,0.18,2696.5897351042004
Ford Figo Diesel ZXI,Jaipur,2011,75731,3446.1018527488673,0.18,2825.8035192540715
Hyundai i20 Asta 1.2,Coimbatore,2017,69627,11143.178132131392,0.12,9805.996756275625
Ford Fiesta Classic 1.6 SXI Duratec,Mumbai,2011,49000,4966.6029366653565,0.18,4072.6144080655927
Mercedes-Benz B Class B180 Sports,Mumbai,2015,25700,21093.514999048824,0.12,18562.293199162967
Hyundai i20 Magna,Delhi,2012,80800,4694.04069903965,0.18,3849.113373212513
Maruti Swift Dzire VDI,Hyderabad,2013,110896,7339.235011823514,0.18,6018.172709695282
Hyundai Santro Xing GLS,Kolkata,2009,62261,1828.8750857309174,0.18,1499.6775702993523
Honda Accord 2.4 Elegance M/T,Kochi,2011,89219,7998.690358673835,0.18,6558.926094112546
Nissan Micra XL CVT,Hyderabad,2018,6700,10523.584740491162,0.12,9260.754571632222
Maruti Zen Estilo LXI BS IV,Pune,2011,51599,3343.8323119445495,0.18,2741.9424957945307
Hyundai Elantra CRDi SX,Kolkata,2013,37489,8190.883346321096,0.12,7207.977344762564
Tata Indica V2 DiCOR DLG BS-III,Mumbai,2016,98000,5374.378305525054,0.18,4406.990210530545
Tata Nano Lx,Hyderabad,2012,25183,2004.1318664315609,0.18,1643.38813047388
BMW 5 Series 2013-2017 520d Luxury Line,Bangalore,2015,52100,46341.92474996971,0.12,40780.89377997335
Honda Amaze S i-Dtech,Pune,2014,60000,7302.610413628189,0.12,6426.297163992806
Volkswagen Polo Diesel Highline 1.2L,Kolkata,2013,51000,4468.602672175142,0.12,3932.370351514125
Tata Indica Vista Quadrajet LX,Mumbai,2012,70000,5415.809043882869,0.18,4440.963415983953
Audi Q3 30 TDI S Edition,Jaipur,2015,95000,16512.856525041883,0.18,13540.542350534346
Honda City i DTEC SV,Jaipur,2014,66346,8954.655614118377,0.12,7880.096940424172
Honda Amaze SX i-DTEC,Hyderabad,2015,69150,9049.364631674729,0.12,7963.440875873762
Hyundai i20 Asta Option 1.2,Bangalore,2016,31000,9262.354859884028,0.12,8150.8722766979445
BMW 5 Series 2013-2017 520d Luxury Line,Bangalore,2013,49000,33235.971739753484,0.12,29247.655130983065
Honda Brio S MT,Kochi,2014,63058,6239.285353041363,0.12,5490.571110676399
Mercedes-Benz New C-Class C 250 CDI Avantgarde,Delhi,2016,22000,76064.22250609707,0.12,66936.51580536542
Volkswagen Polo 1.2 MPI Highline,Coimbatore,2015,73026,8609.87856496316,0.12,7576.693137167582
Hyundai i10 Magna AT,Coimbatore,2011,21762,6538.441926758913,0.18,5361.522379942309
Hyundai Verna 1.6 SX VTVT,Coimbatore,2018,29738,18567.675610730996,0.12,16339.554537443277
Hyundai i20 1.2 Magna Executive,Mumbai,2018,16053,9604.310370487708,0.12,8451.793126029184
BMW 5 Series 525d Sedan,Kochi,2012,61665,30941.12245682899,0.18,25371.720414599775
Maruti Swift Dzire Vdi BSIV,Delhi,2015,51000,7313.300970418561,0.12,6435.704853968334
Maruti Ertiga VXI,Mumbai,2018,12000,13714.296339392571,0.12,12068.580778665462
Maruti Swift Dzire VDI Optional,Hyderabad,2017,32287,10797.795516152735,0.12,9502.060054214408
Toyota Etios Liva GD,Jaipur,2012,121134,6162.500720951661,0.18,5053.250591180362
BMW X3 xDrive20d,Coimbatore,2015,74485,36424.470404065265,0.12,32053.533955577434
Chevrolet Beat Diesel LS,Chennai,2011,63000,2969.2768465624354,0.18,2434.8070141811972
Mercedes-Benz GL-Class 2007 2012 350 CDI Luxury,Bangalore,2016,26900,98958.7067816773,0.12,87083.66196787603
BMW 3 Series GT 320d Sport Line,Hyderabad,2015,40000,43590.95623031587,0.12,38360.04148267797
Hyundai Grand i10 Asta Option,Coimbatore,2016,40587,9452.862718967228,0.12,8318.519192691161
Hyundai Grand i10 Asta,Hyderabad,2015,27000,8048.000251938147,0.12,7082.24022170557
Toyota Etios Liva VD,Coimbatore,2016,29108,9974.064226016539,0.12,8777.176518894554
Maruti A-Star Zxi,Chennai,2009,60000,2950.8065612158202,0.21,2331.137183360498
Honda Civic 2010-2013 1.8 V AT Sunroof,Pune,2011,61000,6010.734609420322,0.21,4748.480341442055
Maruti Alto 800 LXI,Kolkata,2017,5000,4287.176926995527,0.12,3772.7156957560633
Hyundai i20 1.4 CRDi Sportz,Hyderabad,2011,76000,6559.310606409771,0.18,5378.634697256012
Ford EcoSport 1.0 Ecoboost Titanium Plus,Hyderabad,2014,56000,10723.372594563389,0.12,9436.567883215783
Mahindra KUV 100 mFALCON G80 K4 5str,Mumbai,2016,30000,7227.442422295176,0.12,6360.149331619755
Maruti Vitara Brezza VDi Option,Hyderabad,2017,44263,14756.531762383092,0.12,12985.747950897121
Ford Figo Diesel ZXI,Hyderabad,2011,97899,3993.078687589035,0.18,3274.324523823009
Volkswagen Vento Diesel Highline,Jaipur,2011,157301,5461.912996100725,0.18,4478.768656802595
Ford Fiesta 1.4 SXI Duratorq,Jaipur,2008,135000,3306.912141804483,0.18,2711.667956279676
Fiat Avventura FIRE Dynamic,Pune,2016,35000,7803.122729253643,0.12,6866.748001743206
Honda Civic 2006-2010 1.8 V MT,Pune,2009,106000,4139.812722564877,0.18,3394.6464325031993
Honda CR-V Diesel,Kolkata,2016,121590,16990.958198552034,0.18,13932.58572281267
Hyundai i10 Magna,Mumbai,2010,41000,3399.7852528063704,0.18,2787.823907301224
Volkswagen Ameo 1.5 TDI Highline AT,Coimbatore,2018,25143,19709.92977254056,0.12,17344.738199835694
Volkswagen Vento Diesel Highline,Ahmedabad,2011,51000,6187.184986420368,0.18,5073.491688864702
Hyundai Accent CRDi,Pune,2005,109000,1783.0215970667625,0.18,1462.0777095947453
Ford Ecosport 1.5 DV5 MT Titanium Optional,Kochi,2015,69062,9916.06578472735,0.12,8726.137890560069
Jaguar XF 2.2 Litre Luxury,Kochi,2015,34386,48077.22946863596,0.12,42307.961932399645
Maruti Baleno Alpha 1.2,Delhi,2016,20185,9859.795927532508,0.12,8676.620416228607
Hyundai Grand i10 CRDi Magna,Hyderabad,2013,41585,6516.260487850497,0.12,5734.309229308437
Hyundai EON Era,Kolkata,2011,24000,1993.0759538173252,0.18,1634.3222821302068
Mercedes-Benz E-Class 2015-2017 E250 Edition E,Bangalore,2016,40000,56074.82111477404,0.12,49345.842581001154
Mercedes-Benz M-Class ML 350 4Matic,Bangalore,2012,37000,35692.0748437311,0.18,29267.501371859504
Maruti Celerio VXI AT,Coimbatore,2016,24192,7709.204910281708,0.12,6784.100321047903
Maruti Vitara Brezza VDi Option,Hyderabad,2017,32248,14969.766280168113,0.12,13173.39432654794
Mahindra Xylo E9,Mumbai,2013,28000,12184.70450209214,0.12,10722.539961841083
Honda Mobilio V i VTEC,Kochi,2015,69689,9142.433938251805,0.12,8045.341865661588
Mercedes-Benz GL-Class 350 CDI Blue Efficiency,Kochi,2015,69095,66856.93281952666,0.12,58834.10088118346
Hyundai i20 Magna,Kolkata,2010,46000,3234.8525370061725,0.18,2652.579080345062
Mercedes-Benz S Class 2005 2013 S 350 L,Mumbai,2008,65000,14839.089236928428,0.21,11722.880497173459
Mercedes-Benz E-Class E250 CDI Avantgrade,Bangalore,2015,38339,46037.331586506094,0.12,40512.85179612536
Toyota Etios V,Mumbai,2012,59503,5066.284404709266,0.18,4154.3532118615985
Tata Indica Vista Aqua TDI BSIII,Chennai,2010,93600,3079.636880701603,0.21,2432.9131357542665
Volkswagen Passat 1.8 TSI MT,Coimbatore,2011,58865,9975.364821175399,0.18,8179.799153363828
Maruti Alto LXi,Coimbatore,2012,64631,4345.991326048427,0.18,3563.7128873597107
Skoda Laura 1.9 TDI MT Elegance,Pune,2007,124298,4120.5838497386985,0.18,3378.878756785733
Maruti Wagon R LX,Jaipur,2003,50000,1474.0555201772859,0.18,1208.7255265453746
Nissan Sunny 2011-2014 Diesel XV,Kolkata,2013,40001,5669.644365147307,0.12,4989.2870413296305
Honda Brio VX,Bangalore,2015,62659,7469.174804495013,0.12,6572.873827955611
Hyundai i10 Sportz,Kochi,2014,68138,6042.941896285206,0.12,5317.788868730981
Mercedes-Benz M-Class ML 250 CDI,Mumbai,2014,34000,46219.52564558307,0.12,40673.1825681131
Volkswagen Vento Petrol Comfortline,Mumbai,2013,67000,6088.847633938144,0.12,5358.185917865567
Honda Mobilio S i DTEC,Delhi,2015,64141,9046.542482770676,0.12,7960.957384838194
Mercedes-Benz E-Class E250 CDI Avantgrade,Mumbai,2013,42000,29389.138485832384,0.12,25862.441867532496
Honda City ZX VTEC Plus,Coimbatore,2009,76677,5814.355367851677,0.21,4593.3407406028255
Audi A8 L 3.0 TDI quattro,Kochi,2013,66848,46881.02987428444,0.12,41255.30628937031
Hyundai Santro Xing GL,Ahmedabad,2007,78000,2424.2932795695046,0.18,1987.920489246994
Maruti Swift Dzire VDi,Delhi,2010,111166,3738.484174954139,0.18,3065.557023462394
Hyundai Verna CRDi ABS,Chennai,2007,76000,4419.100774929963,0.18,3623.6626354425703
Audi Q5 2008-2012 2.0 TDI,Coimbatore,2012,94049,28575.161932276646,0.18,23431.632784466852
BMW X1 sDrive20d,Ahmedabad,2014,47000,31414.343727864692,0.12,27644.62248052093
Tata Indica DLS,Chennai,2006,140000,1664.1108431439345,0.18,1364.5708913780263
Tata Nano XT,Delhi,2015,20047,3005.4549108260517,0.12,2644.8003215269255
Honda Brio 1.2 S MT,Chennai,2012,27000,5774.013512063161,0.18,4734.6910798917925
Maruti Alto 800 2016-2019 LXI,Mumbai,2018,1001,5746.057127712111,0.12,5056.530272386657
Hyundai i20 1.2 Sportz,Kolkata,2010,89312,3158.787341387914,0.18,2590.2056199380895
Hindustan Motors Contessa 2.0 DSL,Pune,1996,65000,2524.149940761739,0.18,2069.802951424626
Renault Duster 110PS Diesel RxZ,Pune,2012,93000,7681.526343937865,0.18,6298.85160202905
Maruti Swift Dzire VDI,Kolkata,2013,48000,5143.079520826239,0.12,4525.90997832709
Honda City i VTEC V,Jaipur,2017,19678,14238.965115865047,0.12,12530.289301961242
Jaguar XF Diesel,Kolkata,2014,12000,51578.77615546605,0.12,45389.32301681012
BMW 3 Series 320d Luxury Line,Delhi,2014,41309,30528.74424549017,0.12,26865.294936031347
Chevrolet Beat Diesel LS,Coimbatore,2016,68673,5620.199685842782,0.12,4945.775723541648
Mercedes-Benz New C-Class C 220d Avantgarde Edition C,Coimbatore,2018,26343,60035.91236648927,0.12,52831.60288251055
Maruti Omni E 8 Str STD,Bangalore,2005,81245,2025.6393297137292,0.21,1600.2550704738462
Nissan Micra Diesel XV,Delhi,2012,62100,4379.03845112026,0.18,3590.8115299186134
Volkswagen Vento Petrol Highline,Pune,2013,104000,6189.0575256073935,0.18,5075.027170998063
Audi A6 2011-2015 2.0 TDI Premium Plus,Coimbatore,2014,114831,30877.72921455327,0.18,25319.737955933684
Fiat Linea Dynamic,Mumbai,2010,46000,2874.090907921917,0.18,2356.754544495972
Hyundai Verna 1.6 SX,Jaipur,2014,80000,9845.46580170884,0.12,8664.009905503779
Hyundai i20 Active 1.2 S,Kolkata,2016,9201,7529.969764940384,0.12,6626.373393147538
Honda Brio V MT,Kochi,2013,55311,5571.761955631836,0.12,4903.1505209560155
Honda Mobilio RS Option i DTEC,Coimbatore,2015,58217,11153.182876344748,0.12,9814.80093118338
Hyundai i10 Magna,Kolkata,2015,46000,5061.876717887613,0.12,4454.4515117411
Tata Manza Club Class Quadrajet90 LS,Pune,2014,125000,7040.630227341149,0.18,5773.316786419743
Renault Duster Adventure Edition,Mumbai,2014,59000,9290.281036482504,0.12,8175.447312104603
Maruti Ritz VDi,Hyderabad,2009,82242,4937.619736711227,0.18,4048.8481841032067
Toyota Innova 2.5 V Diesel 8-seater,Hyderabad,2012,107281,16653.9062884827,0.18,13656.203156555815
Tata Sumo EX 10/7 Str BSII,Chennai,2015,196000,7107.537596957758,0.18,5828.180829505362
Fiat Grande Punto 1.2 Emotion,Kolkata,2011,11791,3058.5710569180224,0.18,2508.0282666727785
Hyundai Elantra SX,Ahmedabad,2013,46000,15351.818368472224,0.12,13509.600164255558
Volkswagen Polo Diesel Trendline 1.2L,Pune,2011,81000,4553.267941050138,0.18,3733.6797116611133
Hyundai Grand i10 Asta Option,Chennai,2017,18000,8583.18622183147,0.12,7553.203875211694
Mahindra Scorpio S4 7 Seater,Coimbatore,2016,95942,15170.110436559655,0.18,12439.490557978917
Maruti Ciaz VXi Plus,Kochi,2016,42925,10907.575144391027,0.12,9598.666127064103
Ford Figo Petrol Titanium,Hyderabad,2014,33750,5909.520022209964,0.12,5200.377619544768
Mini Cooper S,Mumbai,2016,14000,45487.783130035925,0.12,40029.249154431614
Hyundai Creta 1.6 CRDi SX,Bangalore,2015,29000,18672.97030425426,0.12,16432.21386774375
Mahindra XUV500 W8 2WD,Kochi,2015,67365,15070.49313812991,0.12,13262.033961554322
Mahindra XUV500 W8 2WD,Coimbatore,2014,67791,13911.384529275505,0.12,12242.018385762445
Mahindra Thar CRDe AC,Hyderabad,2016,20000,16164.836383617832,0.12,14225.056017583693
Maruti Swift Dzire VDi,Jaipur,2011,90198,4598.659343393118,0.18,3770.9006615823573
Hyundai i10 Sportz 1.1L,Pune,2010,77000,3294.929066975497,0.18,2701.841834919908
Maruti Ciaz VXi,Kochi,2017,42520,12455.850856972153,0.12,10961.148754135495
Maruti Wagon R LXI DUO BSIII,Jaipur,2009,87829,2010.7079730558135,0.18,1648.7805379057672
Maruti Alto LX BSIII,Coimbatore,2008,86033,3550.3176899387695,0.18,2911.2605057497913
Hyundai Xcent 1.2 Kappa S Option,Mumbai,2015,25000,6973.909946508101,0.12,6137.040752927129
Toyota Corolla Altis Diesel D4DG,Kolkata,2011,45000,5224.940771729076,0.18,4284.451432817843
Volkswagen Polo Petrol Highline 1.2L,Coimbatore,2018,22987,9927.562117207794,0.12,8736.254663142858
Hyundai i10 Era,Jaipur,2009,48725,2815.6676579713194,0.18,2308.8474795364823
Hyundai Verna 1.6 SX VTVT (O) AT,Mumbai,2014,35000,10494.450562835507,0.12,9235.116495295246
Ford Fiesta 1.4 SXi TDCi ABS,Bangalore,2014,56000,6276.296196450644,0.12,5523.1406528765665
Tata Xenon XT EX 4X2,Hyderabad,2014,10000,13392.603217558375,0.12,11785.49083145137
Maruti Alto K10 2010-2014 VXI,Mumbai,2010,15669,3491.473799874155,0.18,2863.0085158968072
Audi A6 2011-2015 35 TDI Premium,Kochi,2016,55331,42285.16165676817,0.12,37210.94225795599
Renault Duster 85PS Diesel RxL Optional,Pune,2015,44535,10037.694812974918,0.12,8833.171435417928
Mahindra Thar 4X4,Delhi,2012,74000,8886.70978250869,0.18,7287.102021657126
Toyota Innova 2.5 GX (Diesel) 7 Seater,Delhi,2014,77901,15898.705327196873,0.12,13990.860687933247
Maruti Swift Dzire VXi,Kolkata,2010,58186,3163.3034913268325,0.18,2593.9088628880027
Chevrolet Aveo 1.6 LT,Mumbai,2010,30000,4316.233499117161,0.18,3539.3114692760723
Toyota Etios GD,Bangalore,2012,90000,7556.978620470245,0.18,6196.722468785601
Maruti Alto LXi,Jaipur,2013,40000,3181.0301176739704,0.12,2799.306503553094
Chevrolet Aveo U-VA 1.2 LS,Chennai,2007,88107,2067.8297691409457,0.18,1695.6204106955756
Maruti Swift VDI BSIV,Hyderabad,2013,76000,7949.613979264227,0.12,6995.660301752519
Toyota Innova 2.5 V Diesel 8-seater,Hyderabad,2008,200000,7860.420784581811,0.18,6445.545043357086
Mercedes-Benz E-Class 2009-2013 E250 CDI Avantgarde,Hyderabad,2013,73000,42196.26193277455,0.12,37132.710500841604
Hyundai Accent GLE 1,Jaipur,2009,77200,2557.814579354106,0.18,2097.4079550703673
Audi A4 New 2.0 TDI Multitronic,Delhi,2012,67000,15313.608284379587,0.18,12557.158793191262
Chevrolet Tavera LS B3 10 Seats BSIII,Hyderabad,2005,150000,3815.8318296035745,0.18,3128.9821002749313
Mahindra Xylo E8 ABS BS IV,Jaipur,2009,145278,5373.926956515622,0.18,4406.62010434281
Honda Civic 2006-2010 1.8 V MT,Pune,2010,61696,4820.627599833386,0.18,3952.9146318633766
Mercedes-Benz New C-Class 220 CDI AT,Coimbatore,2013,50142,28935.665426515647,0.12,25463.38557533377
Skoda Superb Elegance 1.8 TSI AT,Mumbai,2014,45000,17134.361383838153,0.12,15078.238017777576
Skoda Rapid 1.5 TDI Elegance,Pune,2014,97513,8278.222989285818,0.18,6788.142851214371
Mercedes-Benz E-Class 2009-2013 E200 CGI Blue Efficiency,Mumbai,2011,55000,19861.07442909713,0.18,16286.081031859649
Maruti 800 AC,Hyderabad,2004,82000,1374.4055915457873,0.18,1127.0125850675456
Maruti Swift LDI,Delhi,2013,71501,5387.618853320763,0.12,4741.104590922272
Audi A6 2011-2015 2.0 TDI Technology,Kochi,2015,66095,33078.69984197245,0.12,29109.255860935755
Toyota Fortuner 3.0 Diesel,Mumbai,2014,49500,26296.77587203692,0.12,23141.16276739249
Toyota Camry MT with Moonroof,Chennai,2009,90000,7146.802665864567,0.18,5860.378186008945
Hyundai Verna 1.6 VTVT S,Delhi,2016,27529,13761.06224790011,0.12,12109.734778152097
Honda City V MT,Kochi,2012,69297,7145.354832604991,0.18,5859.190962736094
Honda City 1.5 E MT,Hyderabad,2009,66000,5905.828026481575,0.18,4842.778981714891
Mercedes-Benz GL-Class 350 CDI Blue Efficiency,Chennai,2015,67000,79303.60188845558,0.12,69787.16966184092
Hyundai EON D Lite Plus,Coimbatore,2015,36933,5728.625340079253,0.12,5041.190299269742
Toyota Innova 2.5 G (Diesel) 8 Seater,Mumbai,2007,194000,6728.213778902203,0.18,5517.135298699806
Maruti Ertiga VDI,Kolkata,2013,42200,7439.618932263263,0.12,6546.864660391671
Audi Q7 3.0 TDI Quattro Premium Plus,Coimbatore,2015,53093,63576.166372688946,0.12,55947.026407966274
Honda City 1.5 E MT,Pune,2012,88000,6401.46435415868,0.21,5057.156839785358
Tata Indica V2 eLX,Chennai,2015,106000,3664.5161473882436,0.18,3004.90324085836
BMW 5 Series 2013-2017 520d Luxury Line,Kochi,2015,41700,40819.82603343756,0.12,35921.44690942505
Mercedes-Benz New C-Class C 220 CDI Avantgarde,Coimbatore,2018,34464,53527.07843014444,0.12,47103.8290185271
Chevrolet Beat LT,Ahmedabad,2010,15000,4075.371696048216,0.18,3341.8047907595374
Maruti Zen Estilo LXI BS IV,Pune,2010,70000,3215.5526370047755,0.18,2636.7531623439163
Mahindra XUV500 W8 4WD,Hyderabad,2017,119256,21644.434701867525,0.18,17748.436455531373
Honda City 1.5 V MT,Coimbatore,2011,50036,7805.770045318275,0.18,6400.731437160986
Toyota Innova 2.5 VX (Diesel) 7 Seater,Ahmedabad,2013,58000,15202.847174280736,0.12,13378.505513367048
Hyundai i20 1.2 Magna,Pune,2011,75000,4710.193808530159,0.18,3862.3589229947306
Maruti Alto K10 2010-2014 VXI,Hyderabad,2013,53313,4833.488998942395,0.12,4253.470319069307
Toyota Innova 2.5 G (Diesel) 8 Seater,Kolkata,2015,73000,14331.423802897072,0.12,12611.652946549424
Nissan Micra Diesel XV,Kochi,2013,83989,5567.601934157594,0.18,4565.433586009227
Hyundai Creta 1.6 CRDi SX,Chennai,2015,86247,14663.153854074899,0.18,12023.786160341419
Toyota Innova 2.5 G (Diesel) 8 Seater,Mumbai,2016,24000,18191.140982143676,0.12,16008.204064286434
Mercedes-Benz E-Class 2009-2013 E250 CDI Blue Efficiency,Hyderabad,2010,58000,29352.825221640585,0.18,24069.31668174528
Hyundai i20 Asta 1.2,Kolkata,2015,33000,6557.37767565716,0.12,5770.4923545783
Honda Accord VTi-L (AT),Hyderabad,2005,100000,4462.741143351675,0.18,3659.4477375483743
Hyundai i20 Asta Option 1.4 CRDi,Chennai,2016,120000,9490.853146856241,0.18,7782.499580422119
Toyota Corolla Altis VL AT,Mumbai,2015,42000,17387.761900468922,0.12,15301.230472412652
Mercedes-Benz A Class A180 Sport,Bangalore,2013,35000,14686.572395844554,0.12,12924.183708343207
Hyundai i20 Asta 1.4 CRDi,Kolkata,2016,30134,8898.363485565082,0.12,7830.559867297272
Honda Accord 2.4 M/T,Delhi,2012,79038,10158.978994974474,0.18,8330.36277587907
Honda Accord 2.4 AT,Mumbai,2009,80000,6014.909973973429,0.18,4932.226178658212
Mahindra Bolero SLE BSIII,Hyderabad,2012,75000,9143.00530708797,0.18,7497.264351812136
Maruti Ritz LDi,Bangalore,2010,80000,5099.058637588956,0.18,4181.228082822944
Skoda Superb Elegance 1.8 TSI AT,Delhi,2014,84419,16079.497168549957,0.18,13185.187678210965
Honda Amaze S i-Vtech,Kolkata,2013,70200,4133.420898564569,0.12,3637.410390736821
Volkswagen Vento Petrol Highline,Chennai,2013,98000,6486.682786804601,0.18,5319.079885179774
Maruti Ritz LDi,Chennai,2016,131503,6299.4068263267445,0.18,5165.513597587931
Honda City 1.5 S MT,Jaipur,2011,54652,6000.4749343174735,0.18,4920.389446140329
Volkswagen Jetta 2007-2011 1.6 Trendline,Mumbai,2010,92000,3439.9153564939265,0.18,2820.73059232502
Ford Figo Petrol ZXI,Kolkata,2010,44287,2621.4044999523444,0.18,2149.5516899609224
Toyota Innova 2.5 G (Diesel) 7 Seater,Pune,2015,205000,15879.626941180344,0.18,13021.294091767882
Mahindra KUV 100 mFALCON D75 K2,Mumbai,2016,18000,8552.746664500173,0.12,7526.417064760152
Honda City 1.5 V MT,Pune,2009,72000,4205.9589100741705,0.18,3448.88630626082
Hyundai i20 Magna,Mumbai,2009,85000,3800.2711393752015,0.18,3116.2223342876655
Honda City 1.5 V MT,Kolkata,2010,27000,4167.306690486243,0.18,3417.1914861987193
Tata Indica V2 DLS BSIII,Pune,2017,50000,5384.824353033487,0.12,4738.645430669469
Honda Amaze S i-Vtech,Mumbai,2013,58811,5087.604649432442,0.12,4477.092091500549
Volkswagen Polo Diesel Highline 1.2L,Pune,2013,52196,6123.558795719024,0.12,5388.731740232741
Hyundai Grand i10 Sportz,Hyderabad,2015,25160,7512.268073684225,0.12,6610.795904842118
Tata Tigor 1.2 Revotron XZ Option,Hyderabad,2017,18000,9687.675045237394,0.12,8525.154039808907
Honda Accord 2001-2003 2.3 VTI L MT,Bangalore,2007,74000,6221.7682779838005,0.18,5101.849987946717
Mahindra Xylo E4,Chennai,2009,67700,4964.763133329817,0.18,4071.10576933045
Land Rover Freelander 2 S Business Edition,Kochi,2015,61062,31398.143799772646,0.12,27630.36654379993
Toyota Innova 2.5 VX (Diesel) 7 Seater,Kolkata,2016,105000,14387.414616886907,0.18,11797.679985847264
Tata Indigo eCS eLX BS IV,Pune,2013,155550,3737.785734195915,0.18,3064.9843020406506
Maruti Vitara Brezza VDi Option,Delhi,2016,66000,10427.715674993213,0.12,9176.389793994027
Honda City 1.5 V MT,Kochi,2012,93884,6802.406410952254,0.18,5577.973256980848
Fiat Linea Emotion (Diesel),Mumbai,2009,200000,3259.692197275905,0.18,2672.9476017662423
Volkswagen Polo Diesel Comfortline 1.2L,Hyderabad,2013,93568,6429.406156359613,0.18,5272.113048214884
Maruti Wagon R VXI BS IV,Kolkata,2014,54000,4568.133437563689,0.12,4019.9574250560463
Hyundai Creta 1.6 CRDi AT SX Plus,Bangalore,2016,40571,19232.64641643948,0.12,16924.72884646674
BMW X1 xDrive 20d xLine,Coimbatore,2017,17273,52474.400405815,0.12,46177.4723571172
Ford Endeavour 3.0L AT 4x2,Mumbai,2011,100077,10743.235738239457,0.18,8809.453305356355
Hyundai i10 Magna AT,Kochi,2011,39934,5675.380634339333,0.18,4653.8121201582535
Honda City 1.5 V MT,Coimbatore,2016,30842,13454.697824231254,0.12,11840.134085323503
Mercedes-Benz New C-Class 200 K AT,Mumbai,2005,65000,7554.525538943779,0.18,6194.710941933899
Volvo XC90 2007-2015 D5 AWD,Bangalore,2016,70000,39267.64787840651,0.12,34555.53013299773
Toyota Fortuner 3.0 Diesel,Chennai,2011,150152,19111.144772948937,0.18,15671.138713818129
Nissan Teana 230jM,Coimbatore,2009,67038,10950.661273580386,0.18,8979.542244335918
Hyundai Santro Xing GLS CNG,Bangalore,2011,43985,3742.3975960045095,0.18,3068.766028723698
BMW X6 xDrive30d,Coimbatore,2014,58598,56377.513064748695,0.12,49612.21149697885
Tata Indigo CS eVX,Pune,2016,100000,3798.707964608151,0.18,3114.940530978684
Audi Q5 30 TDI quattro Premium Plus,Jaipur,2016,35000,51917.891911899955,0.12,45687.74488247196
Hyundai i10 Sportz 1.2,Pune,2008,84500,3190.70550294441,0.18,2616.3785124144165
Maruti Baleno Delta 1.2,Kolkata,2018,18006,8911.816332920915,0.12,7842.398372970405
Toyota Land Cruiser Prado VX L,Pune,2014,130000,28160.515706289898,0.18,23091.62287915772
Hyundai i10 Sportz 1.2,Bangalore,2011,20000,5648.587365961224,0.18,4631.841640088204
Audi A4 2.0 TDI,Bangalore,2013,46000,28604.898930905012,0.12,25172.31105919641
Toyota Innova 2.5 GX 8 STR,Delhi,2011,53138,10025.694023766651,0.21,7920.298278775655
Maruti Swift Dzire Tour LDI,Pune,2013,170000,5692.288387782032,0.18,4667.6764779812665
Maruti Swift LDI,Kolkata,2012,38583,4980.018514242787,0.18,4083.6151816790857
Hyundai Creta 1.6 SX Plus Dual Tone Petrol,Coimbatore,2017,22865,18856.78828435469,0.12,16593.973690232127
Skoda Laura L and K MT,Kolkata,2013,45000,7401.227106674886,0.12,6513.0798538739
Maruti Swift LXI Option,Kochi,2017,62889,8654.560796053396,0.12,7616.0135005269885
Maruti Omni MPI CARGO BSIV,Pune,2013,153000,2273.0080709846097,0.18,1863.86661820738
Honda Amaze S AT i-Vtech,Mumbai,2014,39000,6231.913032673293,0.12,5484.0834687524975
Toyota Corolla H2,Chennai,2006,164000,3313.4570758017626,0.18,2717.0348021574455
Maruti Swift Dzire Vdi BSIV,Coimbatore,2018,57178,11533.869844651068,0.12,10149.80546329294
Audi A6 2011-2015 2.0 TDI Premium Plus,Delhi,2013,40000,28746.336260205615,0.12,25296.77590898094
Chevrolet Spark 1.0 LT,Mumbai,2007,40000,1863.99731919926,0.18,1528.4778017433932
Hyundai Verna CRDi ABS,Mumbai,2007,89564,3719.725338179347,0.21,2938.5830171616844
Maruti Ertiga VXI,Delhi,2012,66727,6249.168394286787,0.18,5124.3180833151655
Audi Q3 2012-2015 2.0 TDI Quattro Premium Plus,Mumbai,2013,75000,25546.697977241645,0.12,22481.09421997265
Chevrolet Cruze LTZ AT,Coimbatore,2017,31056,30247.84590297557,0.12,26618.104394618502
Volkswagen Vento Petrol Highline,Pune,2011,61000,4970.269618474612,0.18,4075.621087149182
Hyundai Xcent 1.2 Kappa AT SX Option,Kochi,2016,34782,9157.435918167046,0.12,8058.5436079870005
Hyundai i10 Sportz 1.2,Coimbatore,2012,31736,5930.6522978314315,0.18,4863.134884221774
Mahindra Thar CRDe AC,Mumbai,2014,15000,13000.22088883102,0.12,11440.194382171298
Ford Ecosport 1.5 DV5 MT Ambiente,Coimbatore,2016,38503,12553.763428176293,0.12,11047.311816795138
Land Rover Range Rover HSE,Hyderabad,2015,30000,67546.7885719222,0.12,59441.173943291535
Toyota Etios G,Pune,2011,69470,4341.2649203289175,0.18,3559.8372346697124
Nissan Teana 230jM,Chennai,2008,63288,7258.702976767363,0.18,5952.136440949238
Volkswagen Polo ALLSTAR 1.2 MPI,Coimbatore,2017,25087,10072.56606169733,0.12,8863.85813429365
Toyota Innova 2.5 VX (Diesel) 7 Seater BS IV,Hyderabad,2015,134000,20280.544025852323,0.18,16630.046101198906
Chevrolet Cruze LTZ AT,Coimbatore,2015,54955,21072.282246583392,0.15,17911.439909595883
Honda Amaze S i-Dtech,Ahmedabad,2015,45250,8507.45691130836,0.12,7486.562081951357
Land Rover Discovery 4 SDV6 SE,Kochi,2012,89190,37129.329030701774,0.18,30446.04980517546
Honda City i DTec VX Option BL,Coimbatore,2017,48184,13583.649867411043,0.12,11953.611883321717
Maruti Swift Dzire VDI,Kolkata,2015,42125,7085.296518105065,0.12,6235.060935932457
Hyundai i10 Sportz 1.2,Mumbai,2011,67000,3814.5628710870938,0.18,3127.941554291417
Hyundai Santro GLS I - Euro II,Bangalore,2011,43189,4580.88236596392,0.18,3756.323540090415
Maruti Swift Dzire VDI,Pune,2015,174889,6609.0054254488805,0.18,5419.3844488680825
Maruti Alto LXI,Pune,2004,72135,1500.7855111832948,0.18,1230.6441191703018
Honda Accord 2.4 A/T,Pune,2009,120000,7317.192626232423,0.18,6000.097953510587
Chevrolet Beat LT,Pune,2010,29629,3176.7270803015736,0.18,2604.9162058472907
Maruti Swift VDI BSIV W ABS,Coimbatore,2016,69564,11073.343712569902,0.12,9744.542467061514
Mahindra Xylo D4 BSIV,Kolkata,2013,61000,7712.840062638659,0.12,6787.29925512202
Jaguar XF 2.2 Litre Luxury,Kochi,2015,27912,48233.92864088849,0.12,42445.85720398187
Maruti SX4 VDI,Kochi,2013,62909,6631.838535420069,0.12,5836.017911169661
Maruti Celerio VXI,Kochi,2018,33140,7280.546891105522,0.12,6406.88126417286
Volkswagen Vento 1.5 TDI Comfortline AT,Hyderabad,2014,75000,12194.934873963173,0.12,10731.542689087593
Ford EcoSport 1.5 TDCi Titanium,Kochi,2017,25571,13167.860563117492,0.12,11587.717295543393
Hyundai Santro LS zipDrive Euro I,Chennai,2002,120000,1493.3932678677709,0.21,1179.7806816155392
Maruti Ertiga VDI,Kolkata,2016,12020,10539.302840077758,0.12,9274.586499268427
Honda Brio VX AT,Mumbai,2014,36665,6684.231925505224,0.12,5882.124094444597
Mercedes-Benz E-Class 2009-2013 E250 CDI Blue Efficiency,Pune,2011,130000,22126.93634881318,0.18,18144.087806026808
Maruti Swift VDI Optional,Bangalore,2017,51000,9646.907476927146,0.12,8489.278579695889
Hyundai Accent GLE,Pune,2008,103000,2498.7378914639125,0.18,2048.9650710004084
Audi A4 2.0 TDI,Delhi,2012,70000,17884.68114030462,0.18,14665.438535049789
Honda City 1.5 S MT,Delhi,2010,56239,4938.440782626547,0.18,4049.5214417537686
BMW 3 Series 320d Sport,Ahmedabad,2016,40000,37551.20270146242,0.12,33045.05837728693
Mahindra Bolero VLX CRDe,Coimbatore,2012,72246,8981.328548972177,0.18,7364.689410157185
Tata Nano XT,Bangalore,2016,14000,3706.2183126363893,0.15,3150.285565740931
Volkswagen Polo 1.2 MPI Highline,Pune,2016,22764,7289.369422990522,0.12,6414.64509223166
Volkswagen Passat Diesel Highline 2.0 TDI,Pune,2012,65000,20455.312485345075,0.18,16773.356237982964
ISUZU MU 7 4x2 HIPACK,Kolkata,2016,45000,17560.461113282978,0.12,15453.20577968902
Mercedes-Benz E-Class 2015-2017 E250 CDI Avantgarde,Coimbatore,2017,32090,61736.57684162468,0.12,54328.18762062972
Mahindra XUV500 W8 2WD,Pune,2014,83000,13398.73339084225,0.18,10986.961380490646
Mercedes-Benz E-Class 2015-2017 E250 CDI Avantgarde,Delhi,2011,70000,20011.074175313617,0.18,16409.08082375717
Mahindra XUV500 W8 2WD,Chennai,2013,68000,13371.416543828958,0.12,11766.846558569483
Nissan Sunny 2011-2014 XL,Jaipur,2012,105000,5255.541725815073,0.18,4309.54421516836
Hyundai Elantra GT,Hyderabad,2006,88000,3765.8251433268492,0.18,3087.9766175280165
Honda Accord VTi-L AT,Mumbai,2007,93000,5274.571129154008,0.18,4325.148325906287
Honda City i DTEC SV,Delhi,2014,107000,7254.666126080076,0.18,5948.826223385662
Toyota Fortuner 4x4 MT,Pune,2011,141844,18289.56201535766,0.18,14997.440852593283
Nissan Micra XV CVT,Coimbatore,2015,32469,8429.72347211891,0.12,7418.1566554646415
Mahindra XUV500 W6 2WD,Kochi,2015,56318,15136.933107502611,0.12,13320.501134602298
Maruti Swift VDI BSIV,Pune,2014,83000,7639.921275715529,0.18,6264.735446086735
Chevrolet Beat LS,Pune,2010,80000,2973.46423705339,0.18,2438.24067438378
Maruti Baleno Alpha 1.2,Chennai,2016,56474,8393.669437301842,0.12,7386.429104825621
Audi Q5 2008-2012 2.0 TFSI Quattro,Mumbai,2009,49000,14773.802293801598,0.18,12114.517880917312
Skoda Laura 1.9 TDI AT Ambiente,Kochi,2010,64132,7706.503302978574,0.18,6319.332708442431
Hyundai Creta 1.6 CRDi SX Option,Hyderabad,2016,41810,19043.38094885983,0.12,16758.175234996652
BMW 7 Series 730Ld,Mumbai,2013,60000,46592.68370087173,0.12,41001.56165676712
Mercedes-Benz M-Class ML 350 4Matic,Coimbatore,2016,22177,75059.89827214579,0.12,66052.71047948829
Ford Figo Diesel ZXI,Chennai,2014,100000,5221.188733219681,0.18,4281.3747612401385
Skoda Laura Ambiente 2.0 TDI CR AT,Pune,2012,75000,12877.63128111805,0.18,10559.657650516801
Hyundai i20 1.4 CRDi Magna,Mumbai,2011,68000,4902.824583236527,0.18,4020.316158253953
Toyota Innova 2.5 G (Diesel) 7 Seater,Kochi,2016,43518,17101.621493394876,0.12,15049.42691418749
Maruti A-Star AT Vxi Aktiv,Pune,2012,39100,4244.147826434892,0.18,3480.2012176766116
Hyundai Verna 1.6 VTVT,Delhi,2011,58000,5800.51548908258,0.18,4756.422701047716
Honda City 1.5 E MT,Mumbai,2010,52000,4359.564440720407,0.18,3574.842841390734
BMW 3 Series 320d,Jaipur,2014,80000,26484.07850451479,0.12,23305.989083973014
Maruti Zen Estilo VXI BSIII,Jaipur,2006,96000,1949.2897865056514,0.18,1598.4176249346342
Skoda Superb Elegance 1.8 TSI AT,Delhi,2010,63000,8466.988504346142,0.18,6942.930573563836
Audi Q3 2012-2015 35 TDI Quattro Premium,Hyderabad,2014,50000,41723.267400766854,0.12,36716.47531267483
Hyundai EON D Lite Plus,Hyderabad,2014,15322,4593.209640470505,0.12,4042.0244836140446
Honda Brio E MT,Jaipur,2012,47000,4942.128670606565,0.18,4052.5455098973835
Volkswagen Vento Diesel Highline,Chennai,2011,76041,6235.58241559422,0.18,5113.177580787261
Hyundai Accent GLE,Kolkata,2009,46000,2294.7615240270916,0.18,1881.7044497022152
Maruti Celerio ZDi,Bangalore,2015,17000,5904.16989111808,0.12,5195.66950418391
Hyundai Grand i10 CRDi Magna,Hyderabad,2014,56000,6862.635107305645,0.12,6039.118894428968
Hyundai Getz GVS,Mumbai,2005,35000,1791.1525330024892,0.18,1468.7450770620412
Toyota Innova 2.5 G (Diesel) 7 Seater,Coimbatore,2015,54278,19828.163445687107,0.12,17448.783832204655
Audi A6 2011-2015 2.0 TDI Premium Plus,Bangalore,2013,40000,34190.24409402411,0.12,30087.414802741216
Ford EcoSport 1.5 Ti VCT AT Titanium,Kolkata,2013,41000,7988.331779287275,0.12,7029.731965772802
Honda City ZX GXi,Mumbai,2008,88000,3734.67660371191,0.18,3062.4348150437663
Maruti Swift Dzire VDi,Delhi,2010,70000,3809.747398626247,0.18,3123.992866873523
Volkswagen Polo Petrol Highline 1.2L,Kolkata,2011,46279,3601.799288212793,0.18,2953.4754163344905
Maruti Ritz LDi,Pune,2016,105000,6887.485123647468,0.18,5647.737801390924
Chevrolet Optra Magnum 2.0 LT,Chennai,2011,130000,8161.934793282909,0.18,6692.786530491986
Volkswagen Jetta 2013-2015 2.0L TDI Highline,Kolkata,2013,54000,9443.467947364894,0.12,8310.251793681107
Ford Figo Diesel Titanium,Jaipur,2010,65000,3115.0783764634143,0.18,2554.3642687
Maruti Swift Dzire VXi,Hyderabad,2010,70000,5403.963733625425,0.18,4431.250261572849
Mercedes-Benz E-Class 2015-2017 E250 CDI Avantgarde,Pune,2015,46000,45834.92629424035,0.12,40334.73513893151
Chevrolet Spark 1.0 LS,Pune,2007,113000,1741.0266229278213,0.18,1427.6418308008135
Hyundai Grand i10 Sportz,Jaipur,2016,67310,7082.405919128804,0.12,6232.5172088333475
Honda City 1.5 S MT,Jaipur,2011,83035,5682.659587491942,0.18,4659.780861743393
Toyota Innova 2.5 G (Diesel) 7 Seater BS IV,Kolkata,2015,36983,15009.952333631752,0.12,13208.758053595942
Chevrolet Cruze LTZ,Pune,2010,76000,6439.326699735029,0.21,5087.068092790673
Skoda Rapid 1.6 MPI AT Style Plus,Coimbatore,2019,14148,16717.65551512648,0.12,14711.536853311303
Maruti Ritz VDi,Kolkata,2011,71428,3685.9887725038625,0.18,3022.5107934531675
Maruti Ritz ZXi,Mumbai,2015,10500,6415.080720134413,0.12,5645.271033718283
Honda City 1.5 S AT,Kochi,2010,58997,5664.131511145009,0.18,4644.587839138908
Maruti Celerio VXI,Delhi,2015,39842,5307.524694850276,0.12,4670.6217314682435
Maruti Alto K10 LXI CNG,Kochi,2015,47490,5211.879389419214,0.12,4586.453862688908
Tata Indica Vista Aqua 1.2 Safire,Jaipur,2009,45000,2377.486884550293,0.18,1949.5392453312404
Honda City i VTEC V,Hyderabad,2011,80000,7824.165394787589,0.18,6415.815623725824
Toyota Etios Liva Diesel TRD Sportivo,Bangalore,2012,56600,7822.680086073635,0.18,6414.597670580381
Skoda Rapid Ultima 1.6 TDI Ambition Plus,Coimbatore,2015,55409,10385.139698254423,0.12,9138.922934463892
Maruti SX4 ZXI AT,Mumbai,2009,77000,4521.609964456803,0.18,3707.7201708545786
Hyundai i20 new Sportz AT 1.4,Bangalore,2012,58000,7702.021290434375,0.18,6315.657458156188
Maruti Alto 800 LXI,Coimbatore,2016,59491,5514.178363451426,0.12,4852.476959837255
Mahindra Scorpio SLX 2.6 Turbo 8 Str,Hyderabad,2007,51000,7384.855027685637,0.18,6055.581122702222
Maruti Baleno Zeta 1.2,Coimbatore,2017,18725,11447.795689142347,0.12,10074.060206445265
BMW X3 2.5si,Bangalore,2009,92000,14308.732850963277,0.18,11733.160937789888
Maruti Ritz VDi,Coimbatore,2013,61450,7290.60528815555,0.12,6415.732653576883
Hyundai EON 1.0 Kappa Magna Plus,Coimbatore,2016,18592,6570.7710066031,0.12,5782.278485810729
Chevrolet Enjoy 1.3 TCDi LTZ 7,Bangalore,2013,65137,7472.086911744793,0.12,6575.436482335418
Volkswagen Polo Diesel Comfortline 1.2L,Pune,2011,83000,4584.129649163044,0.18,3758.986312313696
Hyundai Verna 1.6 CRDi EX AT,Delhi,2013,37000,9764.522707949303,0.12,8592.779982995387
Hyundai i10 Magna 1.2,Coimbatore,2011,45086,5935.948986357355,0.18,4867.4781688130315
Maruti Wagon R VXI BS IV,Bangalore,2016,25400,6031.6715281178585,0.12,5307.870944743716
Toyota Innova 2.5 G4 Diesel 8-seater,Hyderabad,2008,194500,8719.437493817704,0.18,7149.938744930518
Toyota Innova 2.5 V Diesel 8-seater,Pune,2014,89000,16340.190675292992,0.18,13398.956353740254
Hyundai Verna 1.4 CX,Kolkata,2012,50000,5116.082929878537,0.18,4195.1880025004
Hyundai i20 Sportz AT 1.4,Pune,2012,76551,5409.506376376564,0.18,4435.795228628783
Volkswagen Polo 1.2 MPI Highline,Mumbai,2017,9700,8793.30281608423,0.12,7738.106478154122
Hyundai Verna 1.6 EX VTVT,Mumbai,2013,58000,7919.8991051323865,0.12,6969.511212516501
Hyundai i20 Magna Optional 1.2,Kolkata,2013,46000,4160.2577166193305,0.12,3661.026790625011
Hyundai Elantra CRDi SX,Bangalore,2014,72017,12123.41316216724,0.12,10668.603582707172
Ford EcoSport 1.5 TDCi Titanium,Kolkata,2015,54407,8047.689173630993,0.12,7081.966472795273
Toyota Innova 2.5 VX (Diesel) 8 Seater,Hyderabad,2012,147000,15956.334156324583,0.18,13084.19400818616
Audi Q3 35 TDI Quattro Premium Plus,Jaipur,2015,61000,36592.8698504552,0.12,32201.72546840058
Skoda Rapid 1.6 MPI AT Style,Mumbai,2016,18856,12778.953996528087,0.12,11245.479516944717
BMW X6 xDrive30d,Hyderabad,2011,76000,40375.99052462666,0.18,33108.312230193864
Nissan Micra Diesel XV,Kochi,2014,82267,5703.989428270661,0.18,4677.2713311819425
Honda City i VTEC CVT VX,Kochi,2018,27041,17601.571479899543,0.12,15489.382902311598
Maruti Wagon R VXI Minor,Hyderabad,2008,61000,3444.0433871482182,0.18,2824.115577461539
Mahindra TUV 300 2015-2019 T8,Kochi,2018,28466,12369.584872763084,0.12,10885.234688031514
Hyundai Santro LS zipPlus,Kolkata,2002,80000,1106.961308949252,0.18,907.7082733383868
Hyundai EON Era Plus,Delhi,2013,35373,3597.6145753025708,0.12,3165.9008262662624
Tata New Safari DICOR 2.2 EX 4x2,Jaipur,2014,51000,9995.28317247522,0.12,8795.849191778194
Audi A6 2011-2015 2.0 TDI,Mumbai,2013,49000,29985.54270160452,0.12,26387.27757741198
Nissan Sunny Diesel XV,Kolkata,2015,41000,7536.342102259901,0.12,6631.9810499887135
Toyota Innova 2.5 G4 Diesel 7-seater,Bangalore,2011,82831,12841.107469243612,0.18,10529.708124779763
Honda City 1.5 E MT,Mumbai,2010,52000,4359.564440720407,0.18,3574.842841390734
Maruti Swift VDI BSIV,Hyderabad,2015,39736,9660.88904973856,0.12,8501.582363769932
Renault Duster 110PS Diesel RxL,Mumbai,2014,26500,10366.059309117523,0.12,9122.13219202342
Ford Ecosport 1.5 DV5 MT Titanium,Hyderabad,2014,34000,11206.614247278067,0.12,9861.820537604699
Honda Brio E MT,Ahmedabad,2012,16000,5684.5139829012305,0.18,4661.30146597901
Ford Fiesta 1.4 SXi TDCi,Pune,2009,134000,4023.303563078426,0.18,3299.1089217243098
Mahindra Xylo E8,Bangalore,2013,60000,9150.998240981316,0.12,8052.878452063558
Hyundai EON 1.0 Era Plus,Kochi,2015,58469,5663.669567381541,0.12,4984.029219295756
Volkswagen Polo Diesel Highline 1.2L,Pune,2011,110000,4743.102438623865,0.18,3889.3439996715697
Toyota Innova 2.0 V,Pune,2013,56000,12883.588687694602,0.12,11337.55804517125
Mahindra Xylo H9,Mumbai,2014,101000,9123.216602335458,0.18,7481.037613915077
Hyundai i20 1.2 Magna Executive,Hyderabad,2018,13664,11391.785453225935,0.12,10024.771198838824
Renault Duster Adventure Edition,Mumbai,2014,65371,9690.83160422167,0.12,8527.93181171507
Hyundai Verna 1.6 CRDI,Bangalore,2012,69010,8144.296066713948,0.18,6678.322774705438
Maruti Alto 800 2016-2019 LXI,Kolkata,2017,68000,3787.033244279345,0.12,3332.589254965824
Nissan Sunny 2011-2014 Diesel XL,Kolkata,2012,45000,5188.4174910111315,0.18,4254.502342629128
Maruti Swift Dzire Vdi BSIV,Ahmedabad,2017,55945,9692.455814780542,0.12,8529.361117006876
Chevrolet Sail Hatchback LS ABS,Hyderabad,2013,70000,5917.463284067077,0.12,5207.367689979028
Maruti Wagon R LXI,Mumbai,2014,12000,5059.767305468328,0.12,4452.595228812129
Toyota Corolla Altis VL AT,Coimbatore,2019,10660,31754.05616140024,0.12,27943.56942203221
Toyota Etios G,Delhi,2012,52052,5236.559236858424,0.18,4293.978574223908
Mercedes-Benz New C-Class 220 CDI AT,Chennai,2012,62940,22494.017198162495,0.18,18445.094102493247
Hyundai Santro Xing GL Plus,Kolkata,2012,102000,2529.5073087248147,0.18,2074.1959931543483
Volkswagen Vento Diesel Highline,Chennai,2012,60000,7891.129326700027,0.18,6470.7260478940225
Nissan Sunny 2011-2014 XL AT Special Edition,Pune,2013,66000,7758.336273952368,0.12,6827.335921078084
Honda CR-V 2.4 4WD AT,Chennai,2005,135000,4502.920994170348,0.21,3557.307585394575
Honda City 1.5 S AT,Pune,2012,72000,8141.059069087843,0.18,6675.668436652032
Mercedes-Benz New C-Class C 220 CDI Celebration Edition,Delhi,2014,55000,33343.74158155284,0.12,29342.492591766495
Ford Ecosport 1.0 Ecoboost Titanium,Coimbatore,2016,37354,14783.752443556237,0.12,13009.702150329489
BMW 5 Series 2013-2017 520d Luxury Line,Bangalore,2015,66508,41454.37069855291,0.12,36479.84621472657
Mercedes-Benz GL-Class 350 CDI Blue Efficiency,Hyderabad,2013,88000,61385.63567652272,0.18,50336.221254748634
Toyota Fortuner 4x4 MT TRD Sportivo,Bangalore,2012,52000,24249.06674052039,0.18,19884.23472722672
Mercedes-Benz CLA 200 D Sport Edition,Coimbatore,2017,41372,39646.79184914385,0.12,34889.176827246585
Maruti Swift VDI BSIV,Kolkata,2012,72000,4499.7027853963655,0.18,3689.75628402502
Honda Amaze S i-Dtech,Kolkata,2013,51637,4993.564233716136,0.12,4394.3365256702
Toyota Corolla Altis G,Mumbai,2009,48233,4527.726310392004,0.18,3712.7355745214436
Hyundai Grand i10 Asta,Chennai,2016,58000,7194.591353963876,0.12,6331.240391488211
Honda Jazz 1.2 V CVT i VTEC,Chennai,2015,44550,9123.91064576024,0.12,8029.0413682690105
Hyundai Verna 1.6 SX,Ahmedabad,2013,60001,9038.483340429542,0.12,7953.8653395779975
Toyota Fortuner 4x2 AT,Delhi,2014,150000,27069.16307893927,0.18,22196.7137247302
Mercedes-Benz E-Class 2009-2013 E350 CDI Avantgarde,Delhi,2015,33000,53796.94747530621,0.12,47341.31377826946
Mahindra TUV 300 P4,Kolkata,2016,27000,8565.740626696508,0.12,7537.851751492927
Volkswagen Polo 1.5 TDI Highline,Jaipur,2015,62766,8382.152261026906,0.12,7376.293989703677
Maruti Wagon R LXI BS IV,Delhi,2010,73575,2771.2053957863714,0.18,2272.388424544825
Honda Amaze SX i-DTEC,Pune,2015,63000,8071.639110798648,0.12,7103.04241750281
Mercedes-Benz New C-Class C 220 CDI Avantgarde,Bangalore,2016,41737,49593.34507519781,0.12,43642.14366617407
Mercedes-Benz New C-Class C 220d Avantgarde Edition C,Coimbatore,2018,28358,59374.932347655034,0.12,52249.94046593643
Maruti Ritz VDi ABS,Pune,2012,75500,5052.444435870064,0.18,4143.004437413453
Honda Jazz 1.2 VX i VTEC,Mumbai,2016,9900,8960.359360511382,0.12,7885.116237250016
Honda Brio S MT,Mumbai,2014,17000,6232.3635963909555,0.12,5484.4799648240405
BMW 5 Series 520d Sedan,Bangalore,2009,150000,9906.93153626309,0.18,8123.683859735734
Hyundai Creta 1.4 CRDi S Plus,Bangalore,2015,68178,11578.662536885273,0.12,10189.22303245904
Hyundai Getz GLE,Hyderabad,2009,52008,4167.758142060688,0.18,3417.561676489765
Chevrolet Beat Diesel LS,Kolkata,2013,76000,2870.393960520803,0.12,2525.9466852583064
Audi A6 2011-2015 2.0 TDI Premium Plus,Kochi,2015,48222,39023.25597623677,0.12,34340.465259088356
Hyundai Xcent 1.2 Kappa SX Option,Delhi,2016,100000,6081.309323099487,0.18,4986.67364494158
Maruti Swift Dzire VDi,Delhi,2010,68000,3834.107801167024,0.18,3143.9683969569596
Maruti Swift 1.3 VXi,Kolkata,2015,36009,7260.480186651705,0.12,6389.2225642535
Toyota Fortuner 4x2 AT,Hyderabad,2013,142000,29603.8874194084,0.18,24275.18768391489
Volvo S60 D5 Kinetic,Hyderabad,2011,70000,28246.438325452844,0.18,23162.079426871333
Hyundai Creta 1.6 CRDi SX,Coimbatore,2016,34224,19116.840685706557,0.12,16822.81980342177
Mercedes-Benz E-Class 2009-2013 E250 CDI Avantgarde,Ahmedabad,2012,50000,28328.557007841584,0.18,23229.4167464301
Honda Mobilio V i DTEC,Mumbai,2015,30000,10461.625301263828,0.12,9206.230265112168
Renault Captur 1.5 Diesel RXL,Bangalore,2018,22000,16715.34228926412,0.12,14709.501214552427
Hyundai EON Sportz,Kolkata,2017,4000,4528.069867789387,0.12,3984.7014836546605
Volvo XC90 2007-2015 D5 AWD,Delhi,2014,22230,29392.495730278366,0.12,25865.39624264496
Maruti A-Star AT VXI,Bangalore,2011,46000,4326.187413112466,0.18,3547.4736787522224
Mercedes-Benz E-Class 2009-2013 E250 CDI Blue Efficiency,Pune,2013,88700,30968.358041060015,0.18,25394.053593669214
Hyundai Grand i10 Sportz,Hyderabad,2015,56000,8001.318324682716,0.12,7041.160125720789
Audi A3 35 TDI Attraction,Ahmedabad,2014,84004,21215.34835936789,0.18,17396.585654681672
BMW 5 Series 2013-2017 530d M Sport,Bangalore,2015,16000,61545.08163676643,0.12,54159.67184035446
Mahindra XUV500 W6 2WD,Jaipur,2015,85009,16463.85991688907,0.18,13500.365131849037
Ford Ecosport 1.0 Ecoboost Titanium,Mumbai,2014,86000,8313.638080547677,0.18,6817.1832260490955
Chevrolet Enjoy TCDi LS 7 Seater,Coimbatore,2015,93442,8042.494367483891,0.18,6594.845381336791
Mahindra Scorpio S10 8 Seater,Chennai,2015,65000,14096.671803080271,0.12,12405.071186710638
Hyundai i20 2015-2017 1.2 Magna,Pune,2013,67000,6112.43111385349,0.12,5378.939380191072
Renault Pulse RxZ,Coimbatore,2014,31513,7692.756970362334,0.12,6769.626133918854
Maruti Swift Dzire ZDI,Coimbatore,2017,75724,9849.998329164488,0.12,8667.998529664748
Hyundai EON Magna Plus,Kolkata,2013,69000,2962.1887751325116,0.12,2606.7261221166104
Nissan Micra XL,Mumbai,2010,65000,3289.4651255606386,0.18,2697.361402959724
Maruti Swift VXI,Chennai,2014,56049,6630.345511032849,0.12,5834.7040497089065
Skoda Rapid 1.6 TDI Ambition,Pune,2012,96987,6833.330170545404,0.18,5603.330739847232
Fiat Punto 1.4 Emotion,Jaipur,2010,65000,2805.6915612437533,0.21,2216.4963333825654
Hyundai i10 Sportz 1.2,Bangalore,2010,69000,4702.404917114767,0.18,3855.9720320341094
Honda Jazz 1.5 S i DTEC,Bangalore,2015,33500,11271.435428142526,0.12,9918.863176765422
Toyota Innova 2.5 VX (Diesel) 8 Seater,Chennai,2012,93000,14714.788032024826,0.18,12066.126186260359
Volvo XC60 D4 SUMMUM,Ahmedabad,2013,64000,27146.46750317413,0.12,23888.891402793237
Maruti Ciaz ZDi Plus SHVS,Kochi,2017,48045,12399.910725304753,0.12,10911.921438268182
Mitsubishi Pajero 2.8 SFX,Hyderabad,2009,94000,13025.100835100304,0.18,10680.58268478225
Maruti Alto LXi,Chennai,2011,60000,3114.4496939348073,0.18,2553.848749026542
Maruti Swift 1.3 VXi,Pune,2010,115000,3739.2343891397236,0.18,3066.1721990945734
BMW 3 Series 320d,Bangalore,2011,56000,21183.844353367833,0.18,17370.752369761623
Hyundai i20 1.4 CRDi Asta,Pune,2012,98472,6529.055440038331,0.18,5353.825460831432
Hyundai Creta 1.6 CRDi SX,Hyderabad,2016,37800,19043.38094885983,0.12,16758.175234996652
Maruti Omni 5 Seater BSIV,Coimbatore,2016,63617,5274.038329045526,0.12,4641.153729560063
Hyundai Verna CRDi SX ABS,Ahmedabad,2011,68000,5678.503956561234,0.18,4656.373244380213
Maruti Baleno Sigma 1.2,Kochi,2017,11282,11455.17226637176,0.12,10080.551594407149
Honda Amaze S i-Dtech,Chennai,2013,75000,6628.452672058511,0.12,5833.038351411489
BMW X3 xDrive20d Advantage Edition,Coimbatore,2014,78984,30581.002679296515,0.12,26911.282357780932
Hyundai i10 Magna,Kolkata,2011,60000,3352.2187318069377,0.18,2748.819360081689
Hyundai Santro Xing XL,Jaipur,2007,85000,2064.3080495503546,0.18,1692.7326006312908
Audi A6 2011-2015 2.0 TDI Premium Plus,Kochi,2015,65438,33330.194592652144,0.12,29330.571241533886
Renault Duster 85PS Diesel RxL,Mumbai,2014,28215,9487.98916996648,0.12,8349.430469570503
Honda Mobilio RS Option i DTEC,Bangalore,2015,38000,12774.406953356214,0.12,11241.478118953468
Volkswagen Polo Petrol Highline 1.2L,Kochi,2012,64213,5320.975381535511,0.18,4363.199812859119
Mercedes-Benz S Class 2005 2013 S 350 CDI,Hyderabad,2011,82000,52051.30656310553,0.18,42682.07138174654
Hyundai Accent GLX,Pune,2009,60000,2609.918691094555,0.18,2140.1333266975353
Maruti Swift Dzire VXi,Chennai,2012,158000,4979.287614848575,0.18,4083.0158441758317
Hyundai i10 Magna,Chennai,2007,73000,2866.325744010395,0.18,2350.387110088524
Maruti Ritz VDi,Hyderabad,2015,82328,8093.465476883371,0.18,6636.641691044364
Maruti Swift VXI BSIV,Pune,2014,85000,6345.6854148278735,0.18,5203.462040158856
Renault Duster 110PS Diesel RxL,Jaipur,2012,116000,7496.432138684904,0.18,6147.074353721622
Hyundai Santro Xing GLS,Mumbai,2008,65000,2181.288763607343,0.18,1788.6567861580213
Ford Endeavour 3.0L 4X4 AT,Delhi,2012,68000,12535.749321067617,0.18,10279.314443275447
Tata Indica Vista Terra 1.2 Safire BS IV,Kolkata,2010,29300,2444.898841729493,0.18,2004.8170502181845
Land Rover Discovery Sport TD4 S,Kochi,2018,23342,48564.51838116354,0.12,42736.77617542392
BMW 3 Series 320d Sport,Coimbatore,2017,41078,42180.22906187061,0.12,37118.60157444614
Volkswagen Vento 1.5 TDI Highline Plus,Chennai,2014,38000,11344.778308470502,0.12,9983.404911454043
Tata Indica Vista TDI LS,Hyderabad,2013,132000,4900.624864471692,0.18,4018.512388866787
Maruti Alto 800 LXI,Pune,2015,35000,4181.138722517306,0.12,3679.402075815229
Ford Figo Diesel LXI,Ahmedabad,2012,80000,4272.37511215497,0.18,3503.347591967076
Ford Fiesta 1.4 SXi TDCi,Kolkata,2009,39408,2896.937584557398,0.18,2375.4888193370666
Honda Jazz 1.2 V i VTEC,Kolkata,2015,27525,6938.285265444654,0.12,6105.691033591295
Skoda Rapid 1.5 TDI Ambition,Pune,2015,82799,9520.465250959609,0.18,7806.78150578688
Toyota Fortuner 4x2 AT,Mumbai,2014,46000,29473.097594449548,0.12,25936.3258831156
Hyundai Verna 1.6 CRDI,Pune,2012,98000,7402.238463422966,0.18,6069.835540006832
Hyundai EON Era Plus,Coimbatore,2016,47924,5908.800807995527,0.12,5199.744711036064
Ford Ecosport 1.5 Ti VCT AT Titanium,Chennai,2013,39000,9856.423098052706,0.12,8673.652326286381
Hyundai Grand i10 Asta Option,Coimbatore,2017,33601,10039.977507462974,0.12,8835.180206567418
Toyota Corolla Altis G,Pune,2012,54000,8616.767646549622,0.18,7065.749470170691
Volkswagen CrossPolo 1.2 TDI,Hyderabad,2013,80020,5852.2735633290395,0.18,4798.864321929813
Ford Ikon 1.4 ZXi,Chennai,2005,87500,1437.6393809486178,0.18,1178.8642923778666
Honda Mobilio V i VTEC,Mumbai,2015,59500,8572.33508358543,0.12,7543.654873555179
Honda Mobilio S i DTEC,Hyderabad,2015,76000,10900.755769395146,0.12,9592.665077067728
Porsche Cayenne Diesel,Bangalore,2014,43000,55667.274887487685,0.12,48987.20190098917
Honda Amaze E i-Vtech,Kochi,2015,41850,7550.205701405586,0.12,6644.181017236916
Audi A3 35 TDI Premium Plus,Hyderabad,2015,52300,30339.544411880517,0.12,26698.799082454854
Mahindra XUV500 W6 2WD,Pune,2013,31924,12456.752658395695,0.12,10961.942339388212
Hyundai Verna Transform SX VGT CRDi BS III,Coimbatore,2014,77914,10300.162590018439,0.12,9064.143079216226
Ford Ecosport 1.5 DV5 MT Trend,Pune,2013,70000,8239.364193775024,0.12,7250.640490522021
Maruti Alto LXi,Chennai,2010,94385,2443.5987527721604,0.18,2003.7509772731717
Renault Pulse RxZ,Jaipur,2012,57000,4608.955687480168,0.18,3779.343663733738
Hyundai EON 1.0 Kappa Magna Plus,Coimbatore,2016,27039,6798.927931738715,0.12,5983.056579930069
Honda Amaze SX i-VTEC,Delhi,2015,11000,7640.0078781243,0.12,6723.206932749384
Toyota Fortuner 3.0 Diesel,Pune,2011,124000,18351.707622493668,0.18,15048.400250444809
Maruti SX4 S Cross DDiS 200 Zeta,Mumbai,2017,29500,14017.95331430848,0.12,12335.798916591462
Maruti 800 DX,Jaipur,2000,75000,839.9213800192873,0.18,688.7355316158156
Maruti Celerio VXI AT,Coimbatore,2015,54186,7008.910118972785,0.12,6167.840904696051
Honda Brio E MT,Mumbai,2015,36990,6363.449670090724,0.12,5599.835709679837
Maruti Swift Dzire Vdi BSIV,Hyderabad,2016,90000,8935.709981121845,0.18,7327.282184519913
Maruti A-Star Vxi,Jaipur,2009,87000,2593.6961488650527,0.18,2126.8308420693434
Maruti Swift VDI,Kochi,2015,58634,8199.987569099685,0.12,7215.989060807723
Nissan Sunny Diesel XV,Kochi,2013,41377,7045.526412070122,0.12,6200.063242621708
Hyundai EON Magna Plus,Jaipur,2015,43000,4139.367335730618,0.12,3642.643255442944
Honda Amaze S i-Vtech,Kochi,2015,77372,7013.420467996132,0.12,6171.8100118365965
Ford Fiesta 1.4 Duratec EXI Limited Edition,Chennai,2006,49000,2492.432895316518,0.18,2043.794974159545
Honda City i VTEC CVT VX,Delhi,2015,48000,12116.537716942983,0.12,10662.553190909824
Honda Brio S MT,Hyderabad,2012,30000,6124.667281755742,0.18,5022.227171039709
Maruti Wagon R VXI BS IV,Kolkata,2012,47000,3543.273737065565,0.18,2905.4844643937636
Hyundai Elantra CRDi SX AT,Jaipur,2016,76681,16318.222521258831,0.12,14360.03581870777
Honda Accord 2.4 Elegance A/T,Mumbai,2010,106565,7142.310646898159,0.18,5856.69473045649
Chevrolet Cruze LTZ,Coimbatore,2014,72843,11579.55267493756,0.12,10190.006353945053
Hyundai i20 1.2 Era,Kochi,2013,55653,6363.400713627813,0.12,5599.792627992476
Tata Nano Cx BSIV,Ahmedabad,2013,35000,1805.9926364822152,0.12,1589.2735201043495
Ford Ecosport 1.5 Ti VCT MT Trend,Delhi,2014,44000,9015.283891930725,0.12,7933.4498248990385
Tata Indica Vista TDI LS,Pune,2012,43200,4720.217373507623,0.18,3870.5782462762513
Skoda Octavia Classic 1.9 TDI MT,Jaipur,2005,117000,2857.1115955616438,0.18,2342.831508360548
Hyundai Xcent 1.2 Kappa S Option,Pune,2016,34000,7665.30993929644,0.12,6745.472746580866
Hyundai i20 Magna 1.2,Kolkata,2015,35000,6528.052013784372,0.12,5744.685772130248
Hyundai i20 Sportz 1.2,Mumbai,2013,43000,5656.951126541018,0.12,4978.116991356096
Hyundai i10 Magna,Hyderabad,2008,63193,4274.161162089441,0.18,3504.812152913342
Toyota Innova 2.5 G4 Diesel 8-seater,Bangalore,2008,110000,9158.666406368831,0.18,7510.106453222442
Maruti SX4 Vxi BSIV,Kochi,2011,44547,5007.178608262783,0.18,4105.886458775482
Honda City 1.5 E MT,Ahmedabad,2011,65000,6817.805428913635,0.18,5590.6004517091815
Maruti Ritz LXi,Mumbai,2012,79000,4723.0804528219305,0.18,3872.925971313983
Hyundai i20 2015-2017 Sportz AT 1.4,Pune,2014,108000,7407.136932515479,0.18,6073.852284662694
Toyota Innova Crysta 2.4 G MT 8S,Kochi,2018,21302,26942.508500046926,0.12,23709.407480041296
Maruti Swift VDI Optional,Pune,2014,82000,7656.6479959156,0.18,6278.451356650793
Toyota Innova 2.5 GX (Diesel) 8 Seater,Chennai,2014,173000,15729.005606957395,0.18,12897.784597705064
Mahindra Quanto C2,Jaipur,2013,72000,6584.536688089678,0.12,5794.392285518917
Mahindra XUV500 W8 4WD,Bangalore,2014,50299,14742.852122266471,0.12,12973.709867594494
Audi A6 2011-2015 2.0 TDI Premium Plus,Kolkata,2014,60000,27703.316857882062,0.12,24378.918834936216
Toyota Fortuner 3.0 Diesel,Kolkata,2011,112999,14795.748390004022,0.18,12132.5136798033
Toyota Innova 2.5 G4 Diesel 7-seater,Pune,2010,183000,9752.79501146312,0.18,7997.291909399759
Jaguar XF 2.2 Litre Luxury,Coimbatore,2016,58840,56822.924797890664,0.12,50004.173822143784
Hyundai Verna 1.6 EX VTVT,Kolkata,2014,58000,7758.877708822759,0.12,6827.812383764028
Hyundai i20 1.4 CRDi Magna,Jaipur,2011,78000,4581.327489473299,0.18,3756.6885413681052
Hyundai i10 Sportz 1.2,Hyderabad,2012,54982,5431.260557884181,0.18,4453.633657465029
Maruti Alto LXi,Jaipur,2008,65000,1752.5230311198823,0.18,1437.0688855183037
Hyundai Grand i10 Sportz,Mumbai,2015,11206,6990.87063510222,0.12,6151.9661588899535
Hyundai Grand i10 AT Asta,Pune,2015,32100,7499.736491138609,0.12,6599.768112201977
Hyundai i20 Magna 1.4 CRDi,Kolkata,2015,36113,7716.707402783747,0.12,6790.702514449697
Volvo S80 D5,Delhi,2011,87000,16828.281876514626,0.18,13799.191138741995
Honda City i VTEC CVT VX,Hyderabad,2015,39822,14355.394432799203,0.12,12632.747100863298
Maruti Swift VXI BSIII,Hyderabad,2008,81814,4297.171342093604,0.18,3523.6805005167553
Hyundai Creta 1.6 SX Plus Diesel,Chennai,2016,62000,16570.306628166483,0.12,14581.869832786506
Maruti Swift Dzire VDI,Pune,2017,71000,8172.1167231578565,0.12,7191.462716378914
Honda Jazz 1.2 V CVT i VTEC,Coimbatore,2019,10452,14236.364971746341,0.12,12528.00117513678
Honda Brio S MT,Chennai,2013,35315,5367.785891866608,0.12,4723.651584842615
Maruti Swift VDI BSIV,Hyderabad,2014,91722,8276.56020486119,0.18,6786.779367986177
Hyundai i20 1.2 Sportz Option,Pune,2011,35976,4840.586139245994,0.18,3969.2806341817154
Hyundai Grand i10 Asta Option,Pune,2014,25000,6167.156580779891,0.12,5427.097791086304
Maruti Alto LXI,Hyderabad,2010,54486,3406.6347076646634,0.18,2793.440460285024
Tata Manza Aqua Safire,Kolkata,2010,16000,2756.0726507112404,0.18,2259.979573583217
Tata Nano XTA,Coimbatore,2017,31176,5367.900983455757,0.12,4723.752865441066
BMW X1 sDrive20d,Jaipur,2012,88375,22266.404629389923,0.18,18258.451796099736
Maruti Wagon R AMT VXI,Jaipur,2017,34500,6358.402828359834,0.12,5595.394488956654
Toyota Fortuner 4x4 MT,Hyderabad,2012,80000,25202.29488526979,0.18,20665.881805921228
Volkswagen Polo Diesel Trendline 1.2L,Delhi,2013,46000,5241.395928741105,0.12,4612.4284172921725
Honda Civic 2010-2013 1.8 V AT,Mumbai,2009,70000,4404.512010622211,0.21,3479.564488391547
BMW 7 Series 2007-2012 730Ld,Hyderabad,2009,51000,45076.520260579135,0.18,36962.74661367489
Mahindra XUV500 AT W10 FWD,Delhi,2017,25000,29982.801736873964,0.12,26384.86552844909
Hyundai Elantra SX AT,Coimbatore,2017,25132,33956.57101971863,0.12,29881.782497352393
Toyota Corolla Altis G,Delhi,2011,70000,6811.935125773184,0.18,5585.786803134011
Maruti Alto 800 2016-2019 LXI,Kochi,2015,48913,4531.370453337486,0.12,3987.6059989369874
Maruti Alto LXi,Jaipur,2011,90000,2551.84308859964,0.18,2092.511332651705
Honda Brio S MT,Chennai,2013,55000,5567.617561123259,0.12,4899.5034537884685
Volkswagen Polo Petrol Comfortline 1.2L,Mumbai,2013,51000,5551.659492010549,0.12,4885.460352969283
Maruti Ritz ZXi,Pune,2012,35844,4853.103014449325,0.18,3979.544471848447
Nissan 370Z AT,Kolkata,2012,14850,80142.77571459333,0.18,65717.07608596653
Audi A6 2011-2015 2.0 TDI,Hyderabad,2014,98000,33995.2845384299,0.18,27876.13332151252
Hyundai i20 Asta 1.2,Mumbai,2015,17000,8277.233504998581,0.12,7283.965484398752
Hyundai Verna 1.6 CRDI,Mumbai,2013,42670,9630.79886499863,0.12,8475.103001198793
BMW 6 Series Gran Coupe,Kochi,2014,33128,97211.48825037117,0.12,85546.10966032663
Hyundai i20 1.4 Sportz,Kolkata,2016,53416,8868.661968152866,0.12,7804.422531974523
Toyota Etios G,Chennai,2011,47000,4804.407567314761,0.18,3939.614205198104
Hyundai Sonata Embera 2.0L CRDi MT,Ahmedabad,2008,72002,6745.691366946426,0.18,5531.4669208960695
Audi A6 2011-2015 35 TDI Technology,Coimbatore,2016,47634,49881.24622363917,0.12,43895.496676802475
Volkswagen Polo 1.2 MPI Highline,Ahmedabad,2015,62000,7002.98201391401,0.12,6162.624172244329
Ford Classic 1.4 Duratorq CLXI,Chennai,2013,65000,5329.544158126166,0.12,4689.9988591510255
Renault Koleos 4X2 MT,Hyderabad,2014,92448,15086.166042769173,0.18,12370.656155070723
Ford Ecosport 1.5 DV5 MT Ambiente,Chennai,2014,68000,9528.130932560727,0.12,8384.75522065344
Land Rover Freelander 2 TD4 SE,Mumbai,2011,87000,18289.470276472268,0.18,14997.36562670726
Honda Amaze E i-DTEC,Pune,2016,108000,7892.169575535334,0.18,6471.579051938974
Volvo V40 Cross Country D3,Chennai,2015,60000,23622.63952102603,0.12,20787.922778502907
Hyundai i10 Magna,Chennai,2011,82000,4184.553852212935,0.18,3431.3341588146072
Ford Figo 1.2P Titanium MT,Jaipur,2016,26189,7394.529338684447,0.12,6507.185818042313
Maruti Ciaz VDi Option SHVS,Jaipur,2016,26300,12174.141608602988,0.12,10713.24461557063
Toyota Fortuner 4x2 AT TRD Sportivo,Mumbai,2016,35000,38677.24584424707,0.12,34035.97634293742
Tata Indica Vista Terra Quadrajet 1.3L BS IV,Pune,2010,67000,3981.96841082127,0.18,3265.2140968734416
Hyundai EON Magna,Jaipur,2012,42285,3366.6522284988205,0.18,2760.6548273690332
Mahindra KUV 100 mFALCON G80 K6 Plus,Kolkata,2017,7000,7178.037193815624,0.12,6316.672730557749
Hyundai i20 1.2 Spotz,Pune,2016,42000,8741.254596942052,0.12,7692.304045309005
Hyundai Santro Xing GLS,Kochi,2015,56967,5599.294977187436,0.12,4927.379579924944
Maruti Wagon R Stingray LXI,Kochi,2015,41836,5831.09628587688,0.12,5131.364731571654
Tata Indica Vista Aura 1.3 Quadrajet,Kolkata,2009,134000,2358.673154856573,0.18,1934.1119869823901
Hyundai Elite i20 Petrol Sportz,Delhi,2018,8321,8532.370339870455,0.12,7508.485899086
Tata Indica Vista TDI LS,Pune,2015,174000,5131.5302693953645,0.18,4207.854820904199
Toyota Qualis FS B3,Pune,2002,119613,3479.6293601317093,0.18,2853.296075308002
Maruti Swift Dzire LXI,Chennai,2017,21000,9858.669203269648,0.12,8675.62889887729
Volkswagen Vento 1.5 TDI Highline,Mumbai,2015,55600,8679.914900549662,0.12,7638.3251124837025
Honda Brio S MT,Pune,2013,38428,5266.055930273793,0.12,4634.129218640938
BMW 5 Series 520d Sedan,Chennai,2009,95000,10243.577380553883,0.18,8399.733452054184
Hyundai i20 1.2 Asta,Mumbai,2012,18000,5992.77602472501,0.18,4914.076340274509
Ford Endeavour 2.2 Titanium AT 4X2,Chennai,2019,7000,49189.31434571168,0.12,43286.59662422628
Hyundai i20 1.2 Asta,Kochi,2016,24779,8341.67516739685,0.12,7340.674147309228
Mahindra Scorpio VLS 2.2 mHawk,Chennai,2008,88000,6669.1746525257295,0.18,5468.723215071099
Maruti Ciaz VDi,Ahmedabad,2015,24000,10636.402264805,0.12,9360.033993028399
Maruti Ciaz 1.4 Zeta,Mumbai,2017,15000,13231.316048369532,0.12,11643.558122565188
Toyota Etios GD,Kolkata,2013,60000,5929.997831291855,0.12,5218.398091536832
Mahindra XUV500 W8 4WD,Hyderabad,2013,83503,14106.981737005755,0.18,11567.72502434472
Chevrolet Cruze LTZ,Mumbai,2011,69000,7423.066449176828,0.18,6086.914488325
Hyundai EON D Lite Plus Option,Kolkata,2018,54000,4616.106335856233,0.12,4062.173575553485
Maruti Ritz VDi,Bangalore,2013,49000,7212.3193320002265,0.12,6346.841012160199
Toyota Etios Liva GD,Hyderabad,2013,86000,9289.905382477318,0.18,7617.722413631402
Ford EcoSport 1.5 Ti VCT MT Titanium,Coimbatore,2018,12899,16474.92673445333,0.12,14497.93552631893
Maruti Swift VVT ZXI,Pune,2012,46972,5220.328609763432,0.18,4280.669460006015
Toyota Etios Liva V,Kochi,2012,59311,5585.963587449575,0.18,4580.490141708652
Honda CR-V 2.4 AT,Ahmedabad,2010,90000,9536.141411649633,0.21,7533.55171520321
Hyundai Creta 1.6 CRDi AT SX Plus,Kochi,2017,60739,16088.337437780667,0.12,14157.736945246987
Fiat Abarth 595 Competizione,Mumbai,2017,19476,30183.50936217271,0.12,26561.488238711983
Ford Ecosport 1.0 Ecoboost Platinum Edition,Mumbai,2017,15000,13528.42884815979,0.12,11905.017386380616
Jaguar XF 3.0 Litre S Premium Luxury,Hyderabad,2011,53000,37029.9564445729,0.18,30364.56428454978
Hyundai Grand i10 Sportz,Chennai,2016,20000,7488.7236345908395,0.12,6590.076798439939
Mercedes-Benz M-Class ML 320 CDI,Hyderabad,2008,67000,19433.986927141224,0.18,15935.869280255805
Toyota Innova 2.5 V Diesel 7-seater,Bangalore,2009,140000,10943.479319589793,0.18,8973.65304206363
Honda Accord 2.4 AT,Delhi,2011,25000,12885.32850363615,0.18,10565.969372981644
Maruti Wagon R LXI,Jaipur,2007,69000,2173.473688894053,0.18,1782.2484248931235
Hyundai i20 1.4 CRDi Magna,Hyderabad,2013,65461,8103.546275997303,0.12,7131.120722877627
Maruti Swift VXI,Kolkata,2014,33000,5438.670926011782,0.12,4786.030414890369
Honda City 1.5 E MT,Ahmedabad,2011,52000,6668.856396009033,0.18,5468.462244727408
Volkswagen Polo 1.2 MPI Comfortline,Kochi,2015,29215,7150.169105871096,0.12,6292.148813166565
Hyundai Accent Executive LPG,Jaipur,2010,40000,2958.937193376529,0.18,2426.328498568754
ISUZU D-MAX V-Cross 4X4,Jaipur,2017,290000,12740.740311081963,0.18,10447.407055087211
Maruti Swift Dzire Tour LDI,Jaipur,2012,350000,4538.220817840346,0.18,3721.3410706290842
Honda Mobilio V i DTEC,Kolkata,2014,39000,7740.230077121155,0.12,6811.4024678666165
Maruti Ertiga VXI,Coimbatore,2016,40130,11926.423102726512,0.12,10495.252330399331
Mercedes-Benz B Class 2012-2015 B200 Sport CDI,Bangalore,2013,43000,24977.88082831643,0.12,21980.53512891846
Maruti Eeco 5 STR With AC Plus HTR CNG,Mumbai,2017,15500,7040.017066975097,0.12,6195.215018938085
Maruti Versa DX2,Bangalore,2006,98245,3144.5162402694395,0.21,2484.1678298128572
Honda City i DTEC SV,Delhi,2014,36390,8802.090178364015,0.12,7745.839356960333
Maruti Swift Dzire 1.2 Lxi BSIV,Mumbai,2010,122000,3505.336746530167,0.18,2874.376132154737
Volkswagen Vento Diesel Trendline,Ahmedabad,2013,79003,7772.58216874166,0.12,6839.8723084926605
Skoda Laura 1.9 TDI AT Ambiente,Kochi,2013,78830,11914.467086887536,0.12,10484.731036461033
Honda Brio V MT,Mumbai,2011,53000,4026.4326515266976,0.18,3301.6747742518924
Maruti A-Star Vxi,Chennai,2009,53000,3062.5840661543552,0.18,2511.3189342465716
Maruti SX4 VDI,Jaipur,2011,82000,3860.4094045558986,0.18,3165.535711735837
Maruti Alto LX,Pune,2004,70332,1243.2840490091933,0.21,982.1943987172627
Ford Ecosport 1.5 DV5 MT Titanium Optional,Kochi,2015,63402,9910.187304051396,0.12,8720.964827565229
Honda City i DTec SV,Kolkata,2017,13000,11156.604853829367,0.12,9817.812271369843
Mercedes-Benz New C-Class C 250 CDI Elegance,Pune,2010,65505,17537.031734560976,0.18,14380.366022340002
Hyundai Sonata Embera 2.4L MT,Pune,2006,154000,4112.820972625041,0.21,3249.1285683737824
Chevrolet Spark 1.0 LS,Bangalore,2008,85142,2845.785419405294,0.18,2333.5440439123413
Volkswagen Polo 1.2 MPI Highline,Jaipur,2016,45000,6996.855351733451,0.12,6157.232709525437
Hyundai i10 Sportz 1.2,Delhi,2011,48000,3718.0357917357096,0.18,3048.789349223282
Toyota Etios Liva G,Delhi,2012,77800,4899.736449332622,0.18,4017.7838884527505
Honda CR-V 2.4 AT,Kochi,2011,100922,12126.692398967687,0.18,9943.887767153505
Hyundai Verna 1.6 VTVT EX AT,Chennai,2013,55000,9391.553932577974,0.12,8264.567460668617
Mercedes-Benz New C-Class C 250 CDI Elegance,Hyderabad,2011,45000,30615.931328950228,0.18,25105.06368973919
Honda Amaze VX CVT i-VTEC,Jaipur,2017,145000,8649.034257911379,0.18,7092.208091487331
Mahindra Xylo E8,Kolkata,2011,45000,5010.659171337822,0.18,4108.740520497015
Hyundai Sonata Transform 2.4 GDi AT,Bangalore,2012,44000,14298.799591479714,0.18,11725.015665013367
Hyundai Creta 1.4 CRDi S Plus,Bangalore,2015,48000,11630.009357262834,0.12,10234.408234391294
Toyota Innova 2.5 G4 Diesel 7-seater,Kochi,2011,64139,11651.71339975051,0.18,9554.404987795418
Honda Jazz 2020 Petrol,Kochi,2019,11574,12733.009311435117,0.12,11205.048194062903
Maruti Alto 800 CNG LXI,Kolkata,2013,14311,3493.96675166571,0.12,3074.690741465825
Hyundai i20 Magna 1.2,Bangalore,2016,20000,9571.616638554895,0.12,8423.022641928308
Hyundai i20 1.4 Sportz,Kochi,2019,17964,14716.458759141173,0.12,12950.483708044232
Toyota Fortuner 4x2 4 Speed AT,Hyderabad,2012,55500,27677.589627880454,0.18,22695.623494861975
Mahindra Scorpio VLX 2WD Airbag BSIII,Chennai,2008,130000,6805.789426833634,0.18,5580.74733000358
Volkswagen Polo 1.2 MPI Highline,Mumbai,2015,49830,6448.958003743938,0.12,5675.083043294666
BMW 5 Series 2003-2012 520d,Kolkata,2009,49000,14500.163954131476,0.18,11890.13444238781
Ford Ecosport 1.5 DV5 MT Ambiente,Kolkata,2013,53967,6504.71342826208,0.12,5724.147816870631
Maruti SX4 Zxi BSIII,Mumbai,2011,54000,4894.544036526953,0.18,4013.526109952102
Hyundai i20 1.4 Asta AT (O) with Sunroof,Hyderabad,2009,75000,4231.8094922002865,0.18,3470.083783604235
Hyundai Xcent 1.1 CRDi S,Pune,2016,100000,6848.319965940867,0.18,5615.622372071512
Renault Lodgy 110PS RxL,Chennai,2015,142000,10887.153869168407,0.18,8927.466172718094
Renault Duster 110PS Diesel RxZ,Jaipur,2012,83388,6678.99953784374,0.18,5476.779621031867
Maruti Swift Dzire VXi,Delhi,2012,62000,5049.742085664771,0.18,4140.788510245113
Honda City i DTec VX,Kolkata,2016,61000,8817.653498544936,0.12,7759.535078719544
Audi A4 3.0 TDI Quattro Premium,Bangalore,2011,45000,32665.507716768218,0.18,26785.716327749942
Mercedes-Benz E-Class 250 D W 124,Bangalore,2013,33000,17348.23276604725,0.12,15266.444834121581
Toyota Innova 2.5 LE 2014 Diesel 8 Seater,Pune,2014,113565,16386.604770019894,0.18,13437.015911416314
Volkswagen Jetta 2007-2011 2.0 TDI Trendline,Hyderabad,2008,131000,5107.015910425694,0.18,4187.753046549069
Maruti Swift Dzire VXI,Coimbatore,2016,46346,10030.198742376611,0.12,8826.574893291418
Honda City 1.5 V MT,Hyderabad,2016,37000,13435.078472186466,0.12,11822.86905552409
Tata Indigo CS eVX,Pune,2016,98500,3953.109470479887,0.18,3241.5497657935075
Maruti Baleno Zeta 1.3,Ahmedabad,2015,71588,8843.674509446937,0.12,7782.433568313305
Maruti Alto 800 2016-2019 LXI,Ahmedabad,2014,68000,3634.6060765486673,0.12,3198.453347362827
Mercedes-Benz E-Class E240 V6 AT,Mumbai,2003,66800,7621.5339594730485,0.18,6249.6578467679
Maruti Swift Dzire Vdi BSIV,Chennai,2016,90000,9124.20895726168,0.18,7481.851344954579
Nissan Terrano XE 85 PS,Jaipur,2013,54000,7536.301317776226,0.12,6631.945159643079
Mercedes-Benz New C-Class C 200 CGI,Mumbai,2011,87248,14426.969015383516,0.18,11830.114592614484
Maruti Celerio VXI,Pune,2017,9052,6142.9537984815015,0.12,5405.799342663721
Hyundai Santro Xing GLS,Delhi,2014,67320,4355.4989631613225,0.12,3832.8390875819637
Volkswagen Polo 1.2 MPI Highline,Kochi,2018,28635,8768.153975854006,0.12,7715.975498751525
BMW 5 Series 2013-2017 530d M Sport,Kochi,2018,16409,71670.43425841555,0.12,63069.98214740569
Honda City 1.5 V MT Sunroof,Delhi,2012,61180,6888.218597372151,0.18,5648.339249845164
Hyundai i20 Sportz 1.2,Delhi,2014,59577,5979.947291380855,0.12,5262.353616415153
Toyota Innova 2.5 GX (Diesel) 8 Seater BS IV,Mumbai,2016,24104,17713.798008870224,0.12,15588.142247805798
BMW 5 Series 2007-2010 525d Sedan,Mumbai,2008,69000,10575.320976845045,0.21,8354.503571707586
Volkswagen Polo GT TSI,Bangalore,2015,35000,10430.578641390413,0.12,9178.909204423564
Maruti Ertiga VXI,Jaipur,2014,98000,8299.221750646164,0.18,6805.361835529855
Audi A6 2011-2015 2.0 TDI Technology,Chennai,2014,51843,32338.103973458892,0.15,27487.388377440057
Maruti Swift Dzire VDI,Jaipur,2013,80000,5829.385342216381,0.12,5129.859101150415
Toyota Fortuner 3.0 Diesel,Pune,2009,110000,11689.393093437402,0.21,9234.620543815548
Hyundai i10 Sportz 1.1L,Kochi,2015,75383,5769.369014882206,0.12,5077.044733096342
Mahindra TUV 300 2015-2019 T8 AMT,Kochi,2017,31861,16451.76262461254,0.12,14477.551109659036
Mercedes-Benz New C-Class C 220 CDI CLASSIC,Mumbai,2011,57900,14688.45230443865,0.18,12044.530889639693
Maruti Swift Dzire Ldi BSIV,Delhi,2014,48000,6880.135744400839,0.12,6054.519455072738
Hyundai i20 Magna,Kochi,2015,33544,7922.318908599385,0.12,6971.640639567459
Maruti Swift VDI BSIV,Chennai,2015,65000,8325.126994394677,0.12,7326.111755067316
Toyota Etios V,Kochi,2017,35007,10518.380553253892,0.12,9256.174886863424
Toyota Corolla Altis Diesel D4DG,Pune,2010,98000,5354.446880231488,0.18,4390.6464417898205
Maruti SX4 ZDI,Coimbatore,2015,65636,9594.538837861082,0.12,8443.194177317753
Audi A6 2011-2015 35 TDI Premium,Kochi,2015,21730,40593.28834303625,0.12,35722.0937418719
Honda Amaze S i-Vtech,Chennai,2013,46112,5912.087015248088,0.12,5202.636573418318
Hyundai i20 Magna 1.2,Kolkata,2015,20000,6675.657453649273,0.12,5874.57855921136
Mahindra XUV500 W6 2WD,Hyderabad,2013,67000,14021.676465363144,0.12,12339.075289519566
Mercedes-Benz E-Class 2015-2017 E250 CDI Avantgarde,Ahmedabad,2016,29000,57438.39130776965,0.12,50545.78435083729
Hyundai Verna 1.4 CRDi,Pune,2014,86000,8613.478194593143,0.18,7063.052119566378
Honda Amaze EX i-Vtech,Hyderabad,2013,34000,6889.89534462931,0.12,6063.1079032737925
Audi A4 2.0 TDI Premium Sport Limited Edition,Bangalore,2014,36000,37626.988493752004,0.12,33111.749874501766
Hyundai i10 Magna,Mumbai,2013,49000,4834.51618482216,0.12,4254.3742426435
Tata Tigor 1.2 Revotron XT,Mumbai,2017,7000,8405.58661469954,0.12,7396.9162209355945
Hyundai Xcent 1.1 CRDi S,Kolkata,2014,60188,5786.684345126696,0.12,5092.282223711492
Ford Figo Diesel ZXI,Ahmedabad,2012,79000,4467.023928110387,0.18,3662.9596210505174
Toyota Innova 2.5 GX (Diesel) 7 Seater,Chennai,2012,115439,13878.56492368465,0.18,11380.423237421413
Hyundai i20 2015-2017 1.4 CRDi Sportz,Pune,2011,104500,5074.617967224431,0.18,4161.186733124034
Mercedes-Benz E-Class E250 CDI Launch Edition,Delhi,2013,35000,32698.248196780554,0.12,28774.45841316689
Hyundai Creta 1.6 SX Plus Diesel,Coimbatore,2016,26186,19351.533256904277,0.12,17029.349266075762
Chevrolet Spark 1.0 LT,Pune,2012,58061,3125.729641227684,0.18,2563.0983058067013
Hyundai i20 1.4 CRDi Sportz,Ahmedabad,2011,62000,5366.671343445945,0.18,4400.670501625676
Maruti Swift Dzire VDI,Mumbai,2013,118000,6402.046833282081,0.18,5249.6784032913065
Hyundai i10 Magna 1.2,Chennai,2009,65000,3846.7423669154073,0.18,3154.328740870634
Hyundai Santro Xing GLS,Hyderabad,2008,44379,3339.1269522353437,0.18,2738.084100832982
Ford Ecosport 1.5 DV5 MT Ambiente,Kochi,2017,61041,12288.425370514973,0.12,10813.814326053176
Ford Fiesta Classic 1.4 Duratorq CLXI,Bangalore,2011,73000,4404.681197724611,0.18,3611.8385821341813
Hyundai Creta 1.6 CRDi AT SX Plus,Pune,2016,57297,17530.704343131907,0.12,15427.019821956079
Hyundai Creta 1.6 VTVT Base,Hyderabad,2015,28700,13194.0205376221,0.12,11610.738073107448
Honda City 1.5 V MT,Hyderabad,2013,85264,10104.519235233618,0.18,8285.705772891568
Honda City 1.5 V MT,Pune,2010,83000,4790.975445452358,0.18,3928.599865270934
Ford Fiesta Classic 1.6 Duratec LXI,Hyderabad,2013,23000,8101.844641509702,0.12,7129.6232845285385
Hyundai i20 Sportz 1.2,Mumbai,2017,14927,9622.307320534435,0.12,8467.630442070304
Toyota Corolla Executive (HE),Hyderabad,2007,158000,3522.915736122354,0.18,2888.7909036203305
Nissan Micra Diesel XV,Jaipur,2011,111000,3354.697151067465,0.21,2650.2107493432973
Maruti Alto LXi BSIII,Hyderabad,2011,63528,3513.55071387571,0.18,2881.111585378082
Maruti Ciaz VDi Plus,Jaipur,2015,92000,10239.231017831127,0.18,8396.169434621524
Maruti Ciaz 1.3 Alpha,Delhi,2017,41200,13234.26133229071,0.12,11646.149972415824
Mahindra XUV500 W8 2WD,Coimbatore,2016,39052,19851.741948245603,0.12,17469.53291445613
Renault Duster 85PS Diesel RxL,Ahmedabad,2014,55100,8613.17302418102,0.12,7579.592261279297
Hyundai i20 1.2 Sportz,Ahmedabad,2011,76958,5395.532916418653,0.18,4424.336991463296
Renault Pulse RxL,Kochi,2015,70419,6320.242136634469,0.12,5561.813080238333
Maruti Wagon R AMT VXI,Mumbai,2017,21000,6606.73897462984,0.12,5813.930297674259
BMW 6 Series 650i Coupe,Delhi,2009,64000,31910.809090009418,0.18,26166.863453807724
Honda City V MT,Delhi,2011,63698,5543.5259648533565,0.18,4545.691291179753
Tata Indigo eCS LX BSIV,Coimbatore,2016,62715,5743.112894073772,0.12,5053.9393467849195
Honda Brio S MT,Coimbatore,2013,37922,6561.263523660283,0.12,5773.911900821049
Honda Jazz 1.5 S i DTEC,Ahmedabad,2016,52000,10419.95046190519,0.12,9169.556406476568
Mercedes-Benz A Class A180 CDI,Chennai,2013,47000,22615.81370883001,0.12,19901.916063770408
Toyota Corolla Altis GL,Mumbai,2009,64000,4063.0369956384516,0.18,3331.6903364235304
Honda Civic 2006-2010 1.8 (E) MT,Hyderabad,2007,109000,4065.5736672036896,0.18,3333.7704071070257
Hyundai Creta 1.6 CRDi SX Option,Mumbai,2015,19000,15188.433365108007,0.12,13365.821361295046
Audi Q5 2008-2012 2.0 TFSI Quattro,Ahmedabad,2009,99000,15139.116524566847,0.18,12414.075550144815
OpelCorsa 1.4Gsi,Hyderabad,2005,50000,1720.2019052890769,0.18,1410.565562337043
Toyota Fortuner 4x2 AT,Pune,2013,105000,26658.912174629906,0.18,21860.307983196526
Hyundai Creta 1.6 VTVT S,Jaipur,2016,24000,13158.675570449404,0.12,11579.634501995475
Hyundai i20 Magna,Ahmedabad,2009,90000,4504.014486623916,0.18,3693.2918790316116
Audi A6 2011-2015 2.0 TDI Premium Plus,Delhi,2013,20000,33981.87105341165,0.12,29904.04652700225
Hyundai Grand i10 CRDi Sportz,Jaipur,2014,62269,6337.0012962226465,0.12,5576.561140675929
Audi Q3 30 TDI S Edition,Chennai,2015,69000,15625.957730894637,0.12,13750.84280318728
BMW 5 Series 2013-2017 530d M Sport,Kochi,2015,58898,59529.04888230465,0.12,52385.56301642809
Maruti Swift Dzire AMT ZDI,Coimbatore,2018,29110,14304.186760964092,0.12,12587.684349648402
Honda City i DTEC SV,Kolkata,2017,13000,11156.604853829367,0.12,9817.812271369843
Honda Jazz 1.2 V CVT i VTEC,Coimbatore,2018,36611,12663.377823505856,0.12,11143.772484685154
Maruti Swift VDi BSIII W/ ABS,Jaipur,2008,150000,3040.064033060685,0.18,2492.8525071097615
Maruti Ciaz RS ZDi Plus SHVS,Kochi,2017,45158,11751.949415045558,0.12,10341.71548524009
Volkswagen Vento 1.2 TSI Comfortline AT,Coimbatore,2016,36968,12202.472780491737,0.12,10738.176046832728
Maruti Swift VXI BSIV,Coimbatore,2015,53556,8582.27216185303,0.12,7552.399502430667
Skoda Laura Ambition 2.0 TDI CR AT,Bangalore,2013,78500,15687.098465961019,0.12,13804.646650045697
Hyundai Xcent 1.1 CRDi S Celebration Edition,Jaipur,2017,133000,6239.3139179597065,0.18,5116.2374127269595
Hyundai Creta 1.6 CRDi SX,Coimbatore,2017,33186,21250.87764052752,0.12,18700.77232366422
Mercedes-Benz New C-Class C 200 CGI Elegance,Delhi,2012,65000,21516.431199549086,0.18,17643.473583630253
Maruti Swift VDI,Coimbatore,2015,61903,8842.79259755065,0.12,7781.657485844572
Toyota Etios G,Kolkata,2011,25000,3912.4040524228426,0.18,3208.171322986731
Hyundai Santro Xing XG AT eRLX Euro III,Coimbatore,2007,64168,3837.857662312814,0.18,3147.043283096508
Maruti Swift Dzire VXI Optional,Hyderabad,2017,8044,11199.19257020836,0.12,9855.289461783357
Audi Q5 3.0 TDI Quattro Technology,Bangalore,2017,18000,72157.55307908931,0.12,63498.64670959859
Honda City V MT,Mumbai,2013,80000,7242.20423829661,0.12,6373.139729701017
Mahindra KUV 100 mFALCON D75 K6 5str AW,Chennai,2016,45000,8090.247055263011,0.12,7119.41740863145
Mahindra Xylo D4 BSIV,Mumbai,2013,78835,7494.218030281573,0.12,6594.911866647784
Mahindra Scorpio VLX 2WD BSIII,Hyderabad,2011,72573,11207.770425861427,0.18,9190.37174920637
Maruti Wagon R VXI BSIII,Mumbai,2011,50215,3249.305660000613,0.18,2664.430641200503
Maruti 800 AC,Kolkata,2009,9999,1375.1563733477758,0.18,1127.6282261451763
Honda Civic 2006-2010 1.8 MT Sport,Pune,2008,110000,3498.60858470235,0.18,2868.8590394559274
Chevrolet Beat Diesel LS,Jaipur,2013,81000,3302.6499573763103,0.18,2708.1729650485745
Hyundai EON Era Plus,Mumbai,2015,8300,4471.865241475917,0.12,3935.241412498807
Mahindra Ssangyong Rexton RX7,Mumbai,2016,40000,24506.75357187299,0.12,21565.94314324823
Hyundai Creta 1.6 CRDi SX Option,Pune,2016,83500,16491.79711564908,0.18,13523.273634832245
Chevrolet Enjoy Petrol LTZ 7 Seater,Mumbai,2013,39000,5429.414786207537,0.12,4777.885011862632
Skoda Superb Elegance 2.0 TDI CR AT,Pune,2013,90000,14305.234990134011,0.18,11730.29269190989
Hyundai i20 2015-2017 Magna Optional 1.4 CRDi,Pune,2012,134487,5856.888749082359,0.18,4802.648774247535
Audi Q3 2012-2015 2.0 TDI Quattro Premium Plus,Bangalore,2014,65000,33637.03815225615,0.12,29600.593573985414
Mahindra Scorpio S6 Plus 7 Seater,Ahmedabad,2015,48000,13942.763384226426,0.12,12269.631778119256
BMW 3 Series 320d,Bangalore,2011,60000,21207.896471372067,0.18,17390.475106525097
Mercedes-Benz CLA 45 AMG,Kochi,2015,23742,36886.51168933485,0.12,32460.130286614673
Honda City 1.5 S MT,Hyderabad,2010,60268,6506.004126102007,0.18,5334.923383403646
Toyota Camry 2.5 G,Delhi,2014,61000,19764.96586496426,0.12,17393.169961168547
Maruti Swift Vdi BSIII,Pune,2007,102000,2831.3021400682037,0.18,2321.6677548559273
Hyundai Elantra SX AT,Bangalore,2016,25000,30805.614997008815,0.12,27108.941197367756
Renault Duster 85PS Diesel RxL Optional,Delhi,2013,64000,6872.10378089421,0.12,6047.451327186905
Audi Q5 2008-2012 3.0 TDI Quattro,Hyderabad,2010,78265,32175.731185195968,0.18,26384.099571860694
Maruti Esteem Vxi - BSIII,Pune,2006,76560,1781.8077589025547,0.21,1407.6281295330182
Honda City 1.5 V AT,Mumbai,2010,52000,5062.957414337425,0.18,4151.625079756689
Maruti Baleno Zeta 1.2,Kochi,2018,29562,11073.108613755958,0.12,9744.335580105242
Maruti Swift Dzire VDI,Kolkata,2014,32000,6743.254470682855,0.12,5934.063934200913
Volkswagen Polo 1.2 MPI Highline,Coimbatore,2016,22003,9578.862114165348,0.12,8429.398660465506
Honda City ZX EXi,Pune,2008,100000,3638.2225520433203,0.18,2983.342492675523
Hyundai EON Era Plus,Jaipur,2013,60000,3313.2227208782974,0.12,2915.6359943729017
Chevrolet Spark 1.0 PS,Jaipur,2010,6512,2957.2216872275644,0.18,2424.921783526603
Maruti Alto LXi,Kolkata,2008,39008,1704.5597580388294,0.18,1397.7390015918402
Toyota Corolla Executive (HE),Chennai,2003,136441,2616.1403322308197,0.18,2145.2350724292723
Hyundai i20 1.2 Sportz Option,Kolkata,2012,36200,4410.229632698099,0.18,3616.388298812441
Hyundai Verna 1.4 CRDi,Kolkata,2015,32506,8272.990076080268,0.12,7280.231266950636
Chevrolet Enjoy 1.4 LTZ 8,Pune,2016,67000,7540.928726070253,0.12,6636.017278941823
Fiat Grande Punto 1.4 Emotion,Pune,2011,59800,3562.104092403272,0.18,2920.925355770683
Mahindra XUV500 W8 4WD,Coimbatore,2015,63008,16653.872615881668,0.12,14655.407901975868
Toyota Etios Liva G,Kolkata,2012,37212,4374.226682789141,0.18,3586.8658798870956
Hyundai Creta 1.6 CRDi SX,Jaipur,2015,65000,15262.826341366768,0.12,13431.287180402756
Hyundai Santro Xing GLS,Coimbatore,2009,61259,3923.444326641467,0.18,3217.224347846003
Hyundai i20 1.4 Asta (AT),Chennai,2010,50000,4024.8213248033508,0.18,3300.353486338748
Hyundai Elantra CRDi,Mumbai,2006,183513,3329.919984594911,0.18,2730.534387367827
Mahindra XUV500 W10 2WD,Delhi,2015,66000,16074.650046366534,0.12,14145.69204080255
Audi A6 2.0 TDI Design Edition,Kochi,2012,78979,28752.65279425868,0.18,23577.17529129212
Mercedes-Benz A Class Edition 1,Kochi,2016,27508,27505.25152306913,0.12,24204.621340300837
Hyundai Verna 1.6 SX VTVT (O) AT,Mumbai,2014,28000,12256.539211254849,0.12,10785.754505904268
Mercedes-Benz New C-Class C 220d Avantgarde Edition C,Mumbai,2014,45000,32436.962883846772,0.12,28544.52733778516
BMW 7 Series 740i Sedan,Kochi,2013,86107,48079.22235087869,0.18,39424.96232772053
Land Rover Range Rover 2.2L Pure,Hyderabad,2015,49000,65903.12386767824,0.12,57994.74900355685
Hyundai Creta 1.6 SX Plus Petrol Automatic,Coimbatore,2018,32746,23098.8027525413,0.12,20326.946422236346
Volkswagen Vento 1.2 TSI Highline AT,Mumbai,2013,42758,7159.035922359884,0.12,6299.951611676698
Mini Cooper Countryman D,Hyderabad,2013,50000,26452.631485432285,0.12,23278.31570718041
Volvo S60 D4 KINETIC,Coimbatore,2016,90904,30861.279190690042,0.18,25306.248936365835
Renault Pulse RxL,Kolkata,2012,52612,4264.315187880333,0.18,3496.738454061873
Honda Amaze SX i-VTEC,Kolkata,2015,40000,5748.248585791207,0.12,5058.458755496262
Toyota Camry 2.5 G,Delhi,2012,80724,13477.463158270699,0.18,11051.519789781974
Maruti Alto LXi,Hyderabad,2009,62659,3021.344001425167,0.18,2477.5020811686372
Maruti Ertiga ZXI,Pune,2015,15000,9466.992019374366,0.12,8330.952977049441
Audi A4 2.0 TDI,Bangalore,2014,65475,30291.926044892003,0.12,26656.894919504964
Maruti Ertiga VDI,Chennai,2012,71000,8666.655387272203,0.18,7106.657417563208
Mercedes-Benz New C-Class C 220 CDI Style,Bangalore,2016,16000,56940.283634400825,0.12,50107.449598272724
Maruti Swift Dzire 1.2 Vxi BSIV,Delhi,2011,72329,4350.147603293491,0.18,3567.1210347006627
Mercedes-Benz GLA Class 200 CDI SPORT,Coimbatore,2016,49398,36374.13740561827,0.12,32009.240916944076
Honda City i VTEC VX Option,Jaipur,2016,44147,12324.316803113137,0.12,10845.39878673956
Maruti Alto LXi BSII,Ahmedabad,2007,45000,2441.99224595401,0.18,2002.4336416822882
Toyota Fortuner 3.0 Diesel,Delhi,2011,75000,17423.051046554916,0.18,14286.901858175032
Hyundai Elite i20 Petrol Asta,Kochi,2016,26642,8089.275680454608,0.12,7118.562598800055
Honda Amaze VX i-DTEC,Hyderabad,2013,81304,7717.424182133485,0.18,6328.287829349459
Volkswagen Jetta 2007-2011 2.0 TDI Comfortline,Kolkata,2013,46000,7247.204593239973,0.12,6377.540042051177
Mercedes-Benz S Class 2005 2013 320 L,Hyderabad,2007,99000,17638.957073425972,0.18,14463.944800209298
Hyundai EON Era,Pune,2012,36317,3341.069803529295,0.18,2739.677238894022
Maruti Zen Estilo LXI BSIII,Pune,2008,70000,2455.220465607467,0.18,2013.280781798123
Hyundai Verna CRDi SX,Hyderabad,2009,137711,5132.801793488437,0.18,4208.897470660519
Hyundai i20 Asta Option 1.2,Mumbai,2015,31293,8062.2474410977065,0.12,7094.777748165981
Maruti Baleno Vxi - BSIII,Pune,2004,43000,1567.0297327533383,0.18,1284.9643808577375
Honda Jazz 1.5 S i DTEC,Ahmedabad,2016,45000,10837.971651747564,0.12,9537.415053537858
Volkswagen Vento Diesel Comfortline,Kolkata,2012,53000,5534.10506339147,0.18,4537.966151981006
Hyundai i10 Magna 1.1L,Pune,2011,30000,3531.099212899175,0.18,2895.501354577324
Renault Duster 110PS Diesel RxZ,Delhi,2013,62000,7924.907331727886,0.12,6973.91845192054
Maruti Swift Dzire VXi,Chennai,2012,35161,5984.74509548816,0.18,4907.490978300291
Maruti Alto LXi,Jaipur,2006,75000,1742.7716002572558,0.18,1429.07271221095
Tata Nano XTA,Coimbatore,2016,53590,4442.055619110046,0.12,3909.0089448168405
Hyundai i10 Era 1.1,Chennai,2008,71467,3011.8549983773296,0.18,2469.7210986694104
Maruti Alto XCITE,Kochi,2011,66287,3175.459475798547,0.18,2603.8767701548086
Ford Figo Diesel EXI,Jaipur,2012,85000,3703.4465705215207,0.18,3036.826187827647
Land Rover Discovery 4 TDV6 Auto Diesel,Hyderabad,2012,147202,51290.01575418096,0.18,42057.81291842839
Honda City i DTec SV,Coimbatore,2016,72566,11575.395848498496,0.12,10186.348346678677
Maruti Ritz LDi,Pune,2015,190000,5487.992682355507,0.18,4500.153999531516
Hyundai Grand i10 1.2 Kappa Sportz Option,Delhi,2017,25348,7859.036316504714,0.12,6915.951958524148
Hyundai Grand i10 AT Asta,Delhi,2014,54000,6246.644687977452,0.12,5497.047325420158
Hyundai i20 Sportz Option 1.2,Bangalore,2015,33000,8836.097537381933,0.12,7775.765832896101
BMW 5 Series 2003-2012 520d,Delhi,2011,58067,19194.906498575056,0.18,15739.823328831546
Mercedes-Benz E-Class E250 CDI Avantgrade,Coimbatore,2015,43020,43259.268690061675,0.12,38068.156447254274
Toyota Innova 2.5 G (Diesel) 7 Seater BS IV,Hyderabad,2014,27641,19690.666905718233,0.12,17327.786877032046
Maruti Swift Dzire ZDI,Hyderabad,2016,46372,9601.094176187258,0.12,8448.962875044786
Maruti Vitara Brezza VDi Option,Jaipur,2017,19000,14270.451982587612,0.12,12557.997744677099
Hyundai Verna Transform VTVT with Audio,Kolkata,2010,47000,3403.203332171762,0.18,2790.626732380845
Honda City i VTEC VX,Delhi,2015,60595,10124.522329172241,0.12,8909.579649671572
Tata Indica Vista Quadrajet LS,Hyderabad,2013,170000,4821.533339630304,0.18,3953.6573384968497
Hyundai i20 Active 1.4 SX,Delhi,2017,14301,13974.869313452851,0.12,12297.884995838509
Audi A6 2011-2015 2.0 TDI,Kochi,2015,42741,39589.09261408238,0.12,34838.401500392494
BMW X5 xDrive 30d Design Pure Experience 5 Seater,Delhi,2015,31000,84170.08101797802,0.12,74069.67129582066
Hyundai Creta 1.6 SX Plus Dual Tone Petrol,Delhi,2017,11000,18103.52902406651,0.12,15931.105541178527
Ford Fiesta 1.4 Duratec EXI,Coimbatore,2009,44702,5131.231339401801,0.18,4207.609698309478
Maruti Celerio VXI AT,Chennai,2015,31717,6460.295900127722,0.12,5685.060392112396
Chevrolet Captiva LT,Kochi,2011,99120,8848.579336240462,0.18,7255.83505571718
Skoda Superb Petrol Ambition,Delhi,2010,40000,8968.050301911908,0.18,7353.801247567765
Hyundai Santro Xing GL,Ahmedabad,2014,41000,4777.015750630582,0.12,4203.773860554912
Mahindra Renault Logan 1.5 DLE Diesel,Chennai,2007,160000,2894.2695352888795,0.18,2373.3010189368815
Volkswagen Vento Petrol Highline AT,Mumbai,2011,67500,5186.3305020148255,0.18,4252.791011652157
Hyundai i20 1.2 Spotz,Pune,2014,30315,7143.504808115579,0.12,6286.28423114171
Audi A4 2.0 TDI,Bangalore,2014,21143,35886.2983005719,0.12,31579.942504503273
Hyundai Verna 1.6 SX VTVT (O),Kochi,2013,42203,8083.905308145827,0.12,7113.8366711683275
Honda Amaze S i-Dtech,Kolkata,2013,38568,5295.798311419896,0.12,4660.302514049508
Audi A4 2.0 TDI,Hyderabad,2011,64000,23112.335926607106,0.18,18952.11545981783
Honda Amaze VX AT i-Vtech,Hyderabad,2014,57000,7347.074947891198,0.12,6465.425954144254
Honda Jazz 1.5 V i DTEC,Coimbatore,2017,44556,13358.89493968604,0.12,11755.827546923716
BMW 5 Series 525d Sedan,Delhi,2012,80000,30215.65050904728,0.18,24776.83341741877
Hyundai Grand i10 Asta Option,Kolkata,2015,39000,5906.344099569189,0.12,5197.582807620886
Renault Duster 85PS Diesel RxL,Chennai,2015,70000,10163.054898087765,0.12,8943.488310317232
Chevrolet Aveo 1.4 LS,Pune,2009,45463,2568.8265601566422,0.18,2106.4377793284466
Honda Amaze S i-Vtech,Kochi,2015,44776,7495.1324167119565,0.12,6595.716526706522
Hyundai Grand i10 AT Asta,Coimbatore,2016,18242,9503.292411622402,0.12,8362.897322227715
Hyundai EON D Lite Plus,Coimbatore,2015,21190,5606.309511193782,0.12,4933.5523698505285
Volkswagen Vento Diesel Trendline,Hyderabad,2011,89411,6769.56571513913,0.18,5551.043886414087
Volkswagen Polo GT TSI,Mumbai,2015,59000,8280.386188145158,0.12,7286.7398455677385
Nissan Micra Diesel XV,Kolkata,2012,28000,4593.272153251186,0.18,3766.4831656659726
Volkswagen Polo GT TSI,Pune,2013,52262,7231.218823902687,0.15,6146.536000317284
Mercedes-Benz E-Class 2009-2013 E 220 CDI Avantgarde,Kochi,2014,72443,27113.665567560885,0.12,23860.025699453578
